"slug","name","group","badge","service_type","infra_only","sub_note","purposes","contact_email","tpp_notified","decision_contested","assessment_date","version","detail_file"
"google-analytics-universal-analytics","Google Analytics (Universal Analytics)","Google Analytics","Caution","Parent service","No","Parent service","Support marketing analytics","privacy@google.com","Not yet notified","[nicht dokumentiert]","06/08/2026","v2 (06/08/2026) | v1: 22/06/2026","docs/tpps/google-analytics-universal-analytics.mdx"
"google-analytics-4-ga4","Google Analytics 4 (GA4)","Google Analytics","Caution","Sub-service","No","Sub-service of Google Analytics","Support marketing analytics","privacy@google.com","Not yet notified","[nicht dokumentiert]","06/08/2026","v2 (06/08/2026) | v1: 22/06/2026","docs/tpps/google-analytics-4-ga4.mdx"
"google-analytics-statistics","Google Analytics Statistics","Google Analytics","Caution","Sub-service","No","Sub-service of Google Analytics","Support marketing analytics","[nicht dokumentiert]","Not yet notified","[nicht dokumentiert]","06/08/2026","v2 (06/08/2026) | v1: 22/06/2026","docs/tpps/google-analytics-statistics.mdx"
"google-analytics-audiences","Google Analytics Audiences","Google Analytics","Caution","Sub-service","No","Sub-service of Google Analytics","Support marketing analytics; Receive personalised marketing offers; Customise online ads (non-TCF)","[nicht dokumentiert]","Not yet notified","[nicht dokumentiert]","06/08/2026","v2 (06/08/2026) | v1: 22/06/2026","docs/tpps/google-analytics-audiences.mdx"
"google-analytics-advertising","Google Analytics Advertising","Google Analytics","Caution","Sub-service","No","Sub-service of Google Analytics","Support marketing analytics; Receive personalised marketing offers; Customise online ads (non-TCF)","[nicht dokumentiert]","Not yet notified","[nicht dokumentiert]","06/08/2026","v2 (06/08/2026) | v1: 22/06/2026","docs/tpps/google-analytics-advertising.mdx"
"google-analytics-event-tracking","Google Analytics Event Tracking","Google Analytics","Caution","Sub-service","No","Sub-service of Google Analytics","Support marketing analytics","[nicht dokumentiert]","Not yet notified","[nicht dokumentiert]","06/08/2026","v2 (06/08/2026) | v1: 22/06/2026","docs/tpps/google-analytics-event-tracking.mdx"
"google-analytics-youtube-event-tracking","Google Analytics Youtube Event Tracking","Google Analytics","Caution","Sub-service","No","Sub-service of Google Analytics","Support marketing analytics","[nicht dokumentiert]","Not yet notified","[nicht dokumentiert]","06/08/2026","v2 (06/08/2026) | v1: 22/06/2026","docs/tpps/google-analytics-youtube-event-tracking.mdx"
"google-analytics-my","Google Analytics | MY","Google Analytics","Caution","Sub-service","No","Sub-service of Google Analytics","Support marketing analytics","[nicht dokumentiert]","Not yet notified","[nicht dokumentiert]","06/08/2026","v2 (06/08/2026) | v1: 22/06/2026","docs/tpps/google-analytics-my.mdx"
"google-signals","Google Signals","Google Analytics","Caution","Sub-service","No","Sub-service of Google Analytics","Support marketing analytics; Receive personalised marketing offers; Customise online ads (non-TCF)","[nicht dokumentiert]","Not yet notified","[nicht dokumentiert]","06/08/2026","v2 (06/08/2026) | v1: 22/06/2026","docs/tpps/google-signals.mdx"
"google-tag-manager","Google Tag Manager","Google Tag Manager","No badge","Parent service","No","Parent service","Support marketing analytics; Receive personalised marketing offers; Customise online ads (non-TCF)","privacy@google.com","Not yet notified","[nicht dokumentiert]","06/08/2026","v2 (06/08/2026) | v1: 22/06/2026","docs/tpps/google-tag-manager.mdx"
"google-tag-services","Google Tag Services","Google Tag Manager","Caution","Sub-service","No","Sub-service of Google Tag Manager","See parent service","[nicht dokumentiert]","Not yet notified","[nicht dokumentiert]","06/08/2026","v2 (06/08/2026) | v1: 22/06/2026","docs/tpps/google-tag-services.mdx"
"google-tag-manager-nz","Google Tag Manager | NZ","Google Tag Manager","Caution","Sub-service","No","Sub-service of Google Tag Manager","See parent service","[nicht dokumentiert]","Not yet notified","[nicht dokumentiert]","06/08/2026","v2 (06/08/2026) | v1: 22/06/2026","docs/tpps/google-tag-manager-nz.mdx"
"google-global-site-tag","Google Global Site Tag","Google Tag Manager","Caution","Sub-service","No","Sub-service of Google Tag Manager","Support marketing analytics; Receive personalised marketing offers; Customise online ads (non-TCF)","[nicht dokumentiert]","Not yet notified","[nicht dokumentiert]","06/08/2026","v2 (06/08/2026) | v1: 22/06/2026","docs/tpps/google-global-site-tag.mdx"
"conversion-linker-google","Conversion Linker (Google)","Google Ads","Caution","Sub-service","No","Sub-service of Google Ads","Support marketing analytics; Customise online ads (non-TCF)","[nicht dokumentiert]","Not yet notified","[nicht dokumentiert]","06/08/2026","v2 (06/08/2026) | v1: 22/06/2026","docs/tpps/conversion-linker-google.mdx"
"google-ads","Google Ads","Google Ads","Caution","Parent service","No","Parent service","Support marketing analytics; Receive personalised marketing offers; Customise online ads (non-TCF)","privacy@google.com","Not yet notified","[nicht dokumentiert]","06/08/2026","v2 (06/08/2026) | v1: 22/06/2026","docs/tpps/google-ads.mdx"
"google-ads-conversion-tracking","Google Ads Conversion Tracking","Google Ads","Caution","Sub-service","No","Sub-service of Google Ads","Support marketing analytics; Customise online ads (non-TCF)","[nicht dokumentiert]","Not yet notified","[nicht dokumentiert]","06/08/2026","v2 (06/08/2026) | v1: 22/06/2026","docs/tpps/google-ads-conversion-tracking.mdx"
"google-ads-conversion","Google Ads Conversion","Google Ads","Caution","Sub-service","No","Sub-service of Google Ads","Support marketing analytics; Customise online ads (non-TCF)","[nicht dokumentiert]","Not yet notified","[nicht dokumentiert]","06/08/2026","v2 (06/08/2026) | v1: 22/06/2026","docs/tpps/google-ads-conversion.mdx"
"google-ads-remarketing","Google Ads Remarketing","Google Ads","Caution","Sub-service","No","Sub-service of Google Ads","Receive personalised marketing offers; Customise online ads (non-TCF)","[nicht dokumentiert]","Not yet notified","[nicht dokumentiert]","06/08/2026","v2 (06/08/2026) | v1: 22/06/2026","docs/tpps/google-ads-remarketing.mdx"
"google-ads-dynamic-remarketing","Google Ads Dynamic Remarketing","Google Ads","Caution","Sub-service","No","Sub-service of Google Ads","Receive personalised marketing offers; Customise online ads (non-TCF)","[nicht dokumentiert]","Not yet notified","[nicht dokumentiert]","06/08/2026","v2 (06/08/2026) | v1: 22/06/2026","docs/tpps/google-ads-dynamic-remarketing.mdx"
"google-ads-measurement","Google Ads Measurement","Google Ads","Caution","Sub-service","No","Sub-service of Google Ads","Support marketing analytics; Customise online ads (non-TCF)","[nicht dokumentiert]","Not yet notified","[nicht dokumentiert]","06/08/2026","v2 (06/08/2026) | v1: 22/06/2026","docs/tpps/google-ads-measurement.mdx"
"google-adwords-remarketing","Google AdWords Remarketing","Google Ads","Caution","Sub-service","No","Sub-service of Google Ads","Receive personalised marketing offers; Customise online ads (non-TCF)","[nicht dokumentiert]","Not yet notified","[nicht dokumentiert]","06/08/2026","v2 (06/08/2026) | v1: 22/06/2026","docs/tpps/google-adwords-remarketing.mdx"
"google-dynamic-remarketing","Google Dynamic Remarketing","Google Ads","Caution","Sub-service","No","Sub-service of Google Ads","Receive personalised marketing offers; Customise online ads (non-TCF)","[nicht dokumentiert]","Not yet notified","[nicht dokumentiert]","06/08/2026","v2 (06/08/2026) | v1: 22/06/2026","docs/tpps/google-dynamic-remarketing.mdx"
"google-adservices","Google AdServices","Google Ads","Caution","Sub-service","No","Sub-service of Google Ads","Receive personalised marketing offers; Customise online ads (non-TCF)","[nicht dokumentiert]","Not yet notified","[nicht dokumentiert]","06/08/2026","v2 (06/08/2026) | v1: 22/06/2026","docs/tpps/google-adservices.mdx"
"google-ad-manager","Google Ad Manager","Google Ads","Caution","Sub-service","No","Sub-service of Google Ads","Support marketing analytics; Receive personalised marketing offers; Customise online ads (non-TCF)","[nicht dokumentiert]","Not yet notified","[nicht dokumentiert]","06/08/2026","v2 (06/08/2026) | v1: 22/06/2026","docs/tpps/google-ad-manager.mdx"
"google-ad-exchange","Google Ad Exchange","Google Ads","Caution","Sub-service","No","Sub-service of Google Ads","Receive personalised marketing offers; Customise online ads (non-TCF)","[nicht dokumentiert]","Not yet notified","[nicht dokumentiert]","06/08/2026","v2 (06/08/2026) | v1: 22/06/2026","docs/tpps/google-ad-exchange.mdx"
"google-publisher-tags","Google Publisher Tags","Google Ads","Caution","Sub-service","No","Sub-service of Google Ads","Receive personalised marketing offers; Customise online ads (non-TCF)","[nicht dokumentiert]","Not yet notified","[nicht dokumentiert]","06/08/2026","v2 (06/08/2026) | v1: 22/06/2026","docs/tpps/google-publisher-tags.mdx"
"google-adsense","Google Adsense","Google Ads","Caution","Sub-service","No","Sub-service of Google Ads","Receive personalised marketing offers; Customise online ads (non-TCF)","[nicht dokumentiert]","Not yet notified","[nicht dokumentiert]","06/08/2026","v2 (06/08/2026) | v1: 22/06/2026","docs/tpps/google-adsense.mdx"
"google-syndication","Google Syndication","Google Ads","Caution","Sub-service","No","Sub-service of Google Ads","Receive personalised marketing offers; Customise online ads (non-TCF)","[nicht dokumentiert]","Not yet notified","[nicht dokumentiert]","06/08/2026","v2 (06/08/2026) | v1: 22/06/2026","docs/tpps/google-syndication.mdx"
"display-video-360","Display & Video 360","Google Ads","Caution","Sub-service","No","Sub-service of Google Ads","Receive personalised marketing offers; Customise online ads (non-TCF)","[nicht dokumentiert]","Not yet notified","[nicht dokumentiert]","06/08/2026","v2 (06/08/2026) | v1: 22/06/2026","docs/tpps/display-video-360.mdx"
"google-display-video-360","Google Display & Video 360","Google Ads","Caution","Sub-service","No","Sub-service of Google Ads","See parent service","[nicht dokumentiert]","Not yet notified","[nicht dokumentiert]","06/08/2026","v2 (06/08/2026) | v1: 22/06/2026","docs/tpps/google-display-video-360.mdx"
"google-campaign-manager","Google Campaign Manager","Google Ads","Caution","Sub-service","No","Sub-service of Google Ads","Support marketing analytics; Customise online ads (non-TCF)","[nicht dokumentiert]","Not yet notified","[nicht dokumentiert]","06/08/2026","v2 (06/08/2026) | v1: 22/06/2026","docs/tpps/google-campaign-manager.mdx"
"google-website-call-conversion","Google Website Call Conversion","Google Ads","Caution","Sub-service","No","Sub-service of Google Ads","Support marketing analytics; Customise online ads (non-TCF)","[nicht dokumentiert]","Not yet notified","[nicht dokumentiert]","06/08/2026","v2 (06/08/2026) | v1: 22/06/2026","docs/tpps/google-website-call-conversion.mdx"
"search-ads-360","Search Ads 360","Google Ads","Caution","Sub-service","No","Sub-service of Google Ads","Support marketing analytics; Customise online ads (non-TCF)","[nicht dokumentiert]","Not yet notified","[nicht dokumentiert]","06/08/2026","v2 (06/08/2026) | v1: 22/06/2026","docs/tpps/search-ads-360.mdx"
"doubleclick-ad-google","DoubleClick Ad (Google)","Google Ads / DoubleClick","Caution","Sub-service","No","Sub-service of Google Ads","Receive personalised marketing offers; Customise online ads (non-TCF)","[nicht dokumentiert]","Not yet notified","[nicht dokumentiert]","06/08/2026","v2 (06/08/2026) | v1: 22/06/2026","docs/tpps/doubleclick-ad-google.mdx"
"doubleclick-floodlight","DoubleClick Floodlight","Google Ads / DoubleClick","Caution","Sub-service","No","Sub-service of Google Ads","Support marketing analytics; Customise online ads (non-TCF)","[nicht dokumentiert]","Not yet notified","[nicht dokumentiert]","06/08/2026","v2 (06/08/2026) | v1: 22/06/2026","docs/tpps/doubleclick-floodlight.mdx"
"doubleclick-bid-manager","DoubleClick Bid Manager","Google Ads / DoubleClick","Caution","Sub-service","No","Sub-service of Google Ads","Receive personalised marketing offers; Customise online ads (non-TCF)","[nicht dokumentiert]","Not yet notified","[nicht dokumentiert]","06/08/2026","v2 (06/08/2026) | v1: 22/06/2026","docs/tpps/doubleclick-bid-manager.mdx"
"doubleclick-for-publishers","DoubleClick for Publishers","Google Ads / DoubleClick","Caution","Sub-service","No","Sub-service of Google Ads","Receive personalised marketing offers; Customise online ads (non-TCF)","[nicht dokumentiert]","Not yet notified","[nicht dokumentiert]","06/08/2026","v2 (06/08/2026) | v1: 22/06/2026","docs/tpps/doubleclick-for-publishers.mdx"
"google-maps","Google Maps","Google Maps","Caution","Parent service","No","Parent service","Unlock additional website features","privacy@google.com","Not yet notified","[nicht dokumentiert]","06/08/2026","v2 (06/08/2026) | v1: 22/06/2026","docs/tpps/google-maps.mdx"
"google-maps-geocoding","Google Maps Geocoding","Google Maps","Caution","Sub-service","No","Sub-service of Google Maps","Unlock additional website features","[nicht dokumentiert]","Not yet notified","[nicht dokumentiert]","06/08/2026","v2 (06/08/2026) | v1: 22/06/2026","docs/tpps/google-maps-geocoding.mdx"
"google-maps-places","Google Maps Places","Google Maps","Caution","Sub-service","No","Sub-service of Google Maps","Unlock additional website features","[nicht dokumentiert]","Not yet notified","[nicht dokumentiert]","06/08/2026","v2 (06/08/2026) | v1: 22/06/2026","docs/tpps/google-maps-places.mdx"
"youtube","YouTube","YouTube","Caution","Parent service","No","Parent service","Unlock additional website features; Receive personalised marketing offers; Customise online ads (non-TCF)","privacy@google.com","Not yet notified","[nicht dokumentiert]","06/08/2026","v2 (06/08/2026) | v1: 22/06/2026","docs/tpps/youtube.mdx"
"youtube-video","YouTube Video","YouTube","Caution","Sub-service","No","Sub-service of YouTube","Unlock additional website features; Receive personalised marketing offers; Customise online ads (non-TCF)","[nicht dokumentiert]","Not yet notified","[nicht dokumentiert]","06/08/2026","v2 (06/08/2026) | v1: 22/06/2026","docs/tpps/youtube-video.mdx"
"youtube-cookies-ytimg","Youtube Cookies (ytimg)","YouTube","Caution","Sub-service","No","Sub-service of YouTube","Unlock additional website features; Receive personalised marketing offers; Customise online ads (non-TCF)","[nicht dokumentiert]","Not yet notified","[nicht dokumentiert]","06/08/2026","v2 (06/08/2026) | v1: 22/06/2026","docs/tpps/youtube-cookies-ytimg.mdx"
"google-ima","Google IMA","YouTube","Caution","Sub-service","No","Sub-service of YouTube","Unlock additional website features; Receive personalised marketing offers; Customise online ads (non-TCF)","[nicht dokumentiert]","Not yet notified","[nicht dokumentiert]","06/08/2026","v2 (06/08/2026) | v1: 22/06/2026","docs/tpps/google-ima.mdx"
"google-fonts","Google Fonts","Google – Infrastructure","No badge","Infrastructure only","Yes","[nicht dokumentiert]","Unlock additional website features","[nicht dokumentiert]","Not yet notified","[nicht dokumentiert]","06/08/2026","v2 (06/08/2026) | v1: 22/06/2026","docs/tpps/google-fonts.mdx"
"google-ajax","Google AJAX","Google – Infrastructure","No badge","Infrastructure only","Yes","[nicht dokumentiert]","Unlock additional website features","[nicht dokumentiert]","Not yet notified","[nicht dokumentiert]","06/08/2026","v2 (06/08/2026) | v1: 22/06/2026","docs/tpps/google-ajax.mdx"
"gstatic-com","gstatic.com","Google – Infrastructure","No badge","Infrastructure only","Yes","[nicht dokumentiert]","Unlock additional website features","[nicht dokumentiert]","Not yet notified","[nicht dokumentiert]","06/08/2026","v2 (06/08/2026) | v1: 22/06/2026","docs/tpps/gstatic-com.mdx"
"google-safeframe","Google Safeframe","Google – Infrastructure","No badge","Infrastructure only","Yes","[nicht dokumentiert]","Customise online ads (non-TCF)","[nicht dokumentiert]","Not yet notified","[nicht dokumentiert]","06/08/2026","v2 (06/08/2026) | v1: 22/06/2026","docs/tpps/google-safeframe.mdx"
"google-amp","Google AMP","Google – Infrastructure","No badge","Infrastructure only","Yes","[nicht dokumentiert]","Unlock additional website features","[nicht dokumentiert]","Not yet notified","[nicht dokumentiert]","06/08/2026","v2 (06/08/2026) | v1: 22/06/2026","docs/tpps/google-amp.mdx"
"google-knowledge-panel","Google Knowledge Panel","Google – Infrastructure","INFRA","Infrastructure only","Yes","[nicht dokumentiert]","Infrastructure only — no consent purpose required","[nicht dokumentiert]","Not yet notified","[nicht dokumentiert]","06/08/2026","v2 (06/08/2026) | v1: 22/06/2026","docs/tpps/google-knowledge-panel.mdx"
"google-firebase","Google Firebase","Google – Other","Caution","Parent service","No","[nicht dokumentiert]","Improve the service; Support marketing analytics","privacy@google.com","Not yet notified","[nicht dokumentiert]","06/08/2026","v2 (06/08/2026) | v1: 22/06/2026","docs/tpps/google-firebase.mdx"
"google-oauth","Google OAuth","Google – Other","No badge","Parent service","No","[nicht dokumentiert]","Unlock additional website features","privacy@google.com","Not yet notified","[nicht dokumentiert]","06/08/2026","v2 (06/08/2026) | v1: 22/06/2026","docs/tpps/google-oauth.mdx"
"google-optimize","Google Optimize","Google – Other","Caution","Parent service","No","[nicht dokumentiert]","Personalise the website; Support marketing analytics","privacy@google.com","Not yet notified","[nicht dokumentiert]","06/08/2026","v2 (06/08/2026) | v1: 22/06/2026","docs/tpps/google-optimize.mdx"
"google-customer-reviews","Google Customer Reviews","Google – Other","No badge","Parent service","No","[nicht dokumentiert]","Unlock additional website features","privacy@google.com","Not yet notified","[nicht dokumentiert]","06/08/2026","v2 (06/08/2026) | v1: 22/06/2026","docs/tpps/google-customer-reviews.mdx"
"google-cloud","Google Cloud","Google – Other","No badge","Parent service","No","[nicht dokumentiert]","Infrastructure only — no consent purpose required","privacy@google.com","Not yet notified","[nicht dokumentiert]","06/08/2026","v2 (06/08/2026) | v1: 22/06/2026","docs/tpps/google-cloud.mdx"
"google-translate","Google Translate","Google – Other","No badge","Parent service","No","[nicht dokumentiert]","Unlock additional website features","privacy@google.com","Not yet notified","[nicht dokumentiert]","06/08/2026","v2 (06/08/2026) | v1: 22/06/2026","docs/tpps/google-translate.mdx"
"google-forms","Google Forms","Google – Other","No badge","Parent service","No","[nicht dokumentiert]","Unlock additional website features","privacy@google.com","Not yet notified","[nicht dokumentiert]","06/08/2026","v2 (06/08/2026) | v1: 22/06/2026","docs/tpps/google-forms.mdx"
"recaptcha","reCAPTCHA","Google – Other","No badge","Parent service","No","Parent service","Unlock additional website features","privacy@google.com","Not yet notified","[nicht dokumentiert]","06/08/2026","v2 (06/08/2026) | v1: 22/06/2026","docs/tpps/recaptcha.mdx"
"recaptcha-v3","reCaptcha v3","Google – Other","No badge","Sub-service","No","Sub-service of reCAPTCHA","Unlock additional website features","[nicht dokumentiert]","Not yet notified","[nicht dokumentiert]","06/08/2026","v2 (06/08/2026) | v1: 22/06/2026","docs/tpps/recaptcha-v3.mdx"
"meta-pixel-facebook-pixel","Meta Pixel (Facebook Pixel)","Meta Pixel","Caution","Parent service","No","Parent service","Support marketing analytics; Receive personalised marketing offers; Customise online ads (non-TCF)","privacy@meta.com","Not yet notified","[nicht dokumentiert]","06/08/2026","v2 (06/08/2026) | v1: 22/06/2026","docs/tpps/meta-pixel-facebook-pixel.mdx"
"facebook-pixel-au","Facebook Pixel | AU","Meta Pixel","Caution","Sub-service","No","Sub-service of Meta Pixel","See parent service","[nicht dokumentiert]","Not yet notified","[nicht dokumentiert]","06/08/2026","v2 (06/08/2026) | v1: 22/06/2026","docs/tpps/facebook-pixel-au.mdx"
"facebook-custom-audiences","Facebook Custom Audiences","Meta Pixel","Caution","Sub-service","No","Sub-service of Meta Pixel","Receive personalised marketing offers; Customise online ads (non-TCF)","[nicht dokumentiert]","Not yet notified","[nicht dokumentiert]","06/08/2026","v2 (06/08/2026) | v1: 22/06/2026","docs/tpps/facebook-custom-audiences.mdx"
"facebook-social-plugins","Facebook Social Plugins","Meta Social","Caution","Parent service","No","Parent service","Unlock additional website features; Receive personalised marketing offers; Customise online ads (non-TCF)","privacy@meta.com","Not yet notified","[nicht dokumentiert]","06/08/2026","v2 (06/08/2026) | v1: 22/06/2026","docs/tpps/facebook-social-plugins.mdx"
"facebook-connect","Facebook Connect","Meta Social","Caution","Sub-service","No","Sub-service of Facebook Social Plugins","Unlock additional website features; Receive personalised marketing offers; Customise online ads (non-TCF)","[nicht dokumentiert]","Not yet notified","[nicht dokumentiert]","06/08/2026","v2 (06/08/2026) | v1: 22/06/2026","docs/tpps/facebook-connect.mdx"
"instagram-content","Instagram Content","Meta Social","Caution","Sub-service","No","Sub-service of Facebook Social Plugins","Unlock additional website features; Receive personalised marketing offers; Customise online ads (non-TCF)","[nicht dokumentiert]","Not yet notified","[nicht dokumentiert]","06/08/2026","v2 (06/08/2026) | v1: 22/06/2026","docs/tpps/instagram-content.mdx"
"facebook-videos","Facebook Videos","Meta Social","Caution","Sub-service","No","Sub-service of Facebook Social Plugins","Unlock additional website features; Receive personalised marketing offers; Customise online ads (non-TCF)","[nicht dokumentiert]","Not yet notified","[nicht dokumentiert]","06/08/2026","v2 (06/08/2026) | v1: 22/06/2026","docs/tpps/facebook-videos.mdx"
"fbcdn-facebook","FBCDN Facebook","Meta Social","Caution","Sub-service","No","Sub-service of Meta Pixel","Unlock additional website features; Receive personalised marketing offers; Customise online ads (non-TCF)","[nicht dokumentiert]","Not yet notified","[nicht dokumentiert]","06/08/2026","v2 (06/08/2026) | v1: 22/06/2026","docs/tpps/fbcdn-facebook.mdx"
"facebook-audiencenetwork","Facebook Audiencenetwork","Meta Social","Caution","Sub-service","No","Sub-service of Meta Pixel","Receive personalised marketing offers; Customise online ads (non-TCF)","[nicht dokumentiert]","Not yet notified","[nicht dokumentiert]","06/08/2026","v2 (06/08/2026) | v1: 22/06/2026","docs/tpps/facebook-audiencenetwork.mdx"
"linkedin-insight-tag","LinkedIn Insight Tag","LinkedIn Ads","Caution","Parent service","No","Parent service","Support marketing analytics; Receive personalised marketing offers; Customise online ads (non-TCF)","DPO@linkedin.com","Not yet notified","[nicht dokumentiert]","06/08/2026","v2 (06/08/2026) | v1: 22/06/2026","docs/tpps/linkedin-insight-tag.mdx"
"linkedin-ads","LinkedIn Ads","LinkedIn Ads","Caution","Sub-service","No","Sub-service of LinkedIn Insight Tag","Receive personalised marketing offers; Customise online ads (non-TCF)","[nicht dokumentiert]","Not yet notified","[nicht dokumentiert]","06/08/2026","v2 (06/08/2026) | v1: 22/06/2026","docs/tpps/linkedin-ads.mdx"
"linkedin-analytics","LinkedIn Analytics","LinkedIn Ads","Caution","Sub-service","No","Sub-service of LinkedIn Insight Tag","Support marketing analytics","[nicht dokumentiert]","Not yet notified","[nicht dokumentiert]","06/08/2026","v2 (06/08/2026) | v1: 22/06/2026","docs/tpps/linkedin-analytics.mdx"
"linkedin-plugin","LinkedIn Plugin","LinkedIn Ads","Caution","Sub-service","No","Sub-service of LinkedIn Insight Tag","Unlock additional website features; Support marketing analytics","[nicht dokumentiert]","Not yet notified","[nicht dokumentiert]","06/08/2026","v2 (06/08/2026) | v1: 22/06/2026","docs/tpps/linkedin-plugin.mdx"
"microsoft-advertising","Microsoft Advertising","Microsoft Advertising","No badge","Parent service","No","Parent service","Support marketing analytics; Customise online ads (non-TCF)","MSPrivacy@microsoft.com","Not yet notified","[nicht dokumentiert]","06/08/2026","v2 (06/08/2026) | v1: 22/06/2026","docs/tpps/microsoft-advertising.mdx"
"bing-conversion","Bing Conversion","Microsoft Advertising","No badge","Sub-service","No","Sub-service of Microsoft Advertising","Support marketing analytics; Customise online ads (non-TCF)","[nicht dokumentiert]","Not yet notified","[nicht dokumentiert]","06/08/2026","v2 (06/08/2026) | v1: 22/06/2026","docs/tpps/bing-conversion.mdx"
"bing-remarketing","Bing Remarketing","Microsoft Advertising","No badge","Sub-service","No","Sub-service of Microsoft Advertising","Receive personalised marketing offers; Customise online ads (non-TCF)","[nicht dokumentiert]","Not yet notified","[nicht dokumentiert]","06/08/2026","v2 (06/08/2026) | v1: 22/06/2026","docs/tpps/bing-remarketing.mdx"
"bing-remarketing-conversion","Bing Remarketing Conversion","Microsoft Advertising","No badge","Sub-service","No","Sub-service of Microsoft Advertising","Support marketing analytics; Customise online ads (non-TCF)","[nicht dokumentiert]","Not yet notified","[nicht dokumentiert]","06/08/2026","v2 (06/08/2026) | v1: 22/06/2026","docs/tpps/bing-remarketing-conversion.mdx"
"microsoft-clarity","Microsoft Clarity","Microsoft – Other","No badge","Parent service","No","[nicht dokumentiert]","Improve the service; Personalise the website","MSPrivacy@microsoft.com","Not yet notified","[nicht dokumentiert]","06/08/2026","v2 (06/08/2026) | v1: 22/06/2026","docs/tpps/microsoft-clarity.mdx"
"microsoft-azure","Microsoft Azure","Microsoft – Infrastructure","INFRA","Infrastructure only","Yes","[nicht dokumentiert]","Infrastructure only — no consent purpose required","[nicht dokumentiert]","Not yet notified","[nicht dokumentiert]","06/08/2026","v2 (06/08/2026) | v1: 22/06/2026","docs/tpps/microsoft-azure.mdx"
"azure-application-insights","Azure Application Insights","Microsoft – Infrastructure","No badge","Sub-service","No","Sub-service of Microsoft Azure","Improve the service","[nicht dokumentiert]","Not yet notified","[nicht dokumentiert]","06/08/2026","v2 (06/08/2026) | v1: 22/06/2026","docs/tpps/azure-application-insights.mdx"
"bing-maps","Bing Maps","Microsoft – Other","No badge","Parent service","No","[nicht dokumentiert]","Unlock additional website features","MSPrivacy@microsoft.com","Not yet notified","[nicht dokumentiert]","06/08/2026","v2 (06/08/2026) | v1: 22/06/2026","docs/tpps/bing-maps.mdx"
"twitter-plugin","Twitter Plugin","Twitter / X","Caution","Parent service","No","Parent service","Unlock additional website features; Support marketing analytics; Receive personalised marketing offers; Customise online ads (non-TCF)","privacy@x.com","Not yet notified","[nicht dokumentiert]","06/08/2026","v2 (06/08/2026) | v1: 22/06/2026","docs/tpps/twitter-plugin.mdx"
"twitter-button","Twitter Button","Twitter / X","Caution","Sub-service","No","Sub-service of Twitter Plugin","Unlock additional website features; Support marketing analytics; Receive personalised marketing offers; Customise online ads (non-TCF)","[nicht dokumentiert]","Not yet notified","[nicht dokumentiert]","06/08/2026","v2 (06/08/2026) | v1: 22/06/2026","docs/tpps/twitter-button.mdx"
"twitter-embed","Twitter Embed","Twitter / X","Caution","Sub-service","No","Sub-service of Twitter Plugin","Unlock additional website features; Receive personalised marketing offers; Customise online ads (non-TCF)","[nicht dokumentiert]","Not yet notified","[nicht dokumentiert]","06/08/2026","v2 (06/08/2026) | v1: 22/06/2026","docs/tpps/twitter-embed.mdx"
"twitter-syndication","Twitter Syndication","Twitter / X","Caution","Sub-service","No","Sub-service of Twitter Plugin","Unlock additional website features; Receive personalised marketing offers; Customise online ads (non-TCF)","[nicht dokumentiert]","Not yet notified","[nicht dokumentiert]","06/08/2026","v2 (06/08/2026) | v1: 22/06/2026","docs/tpps/twitter-syndication.mdx"
"twitter-advertising","Twitter Advertising","Twitter / X","Caution","Sub-service","No","Sub-service of Twitter Plugin","Receive personalised marketing offers; Customise online ads (non-TCF)","[nicht dokumentiert]","Not yet notified","[nicht dokumentiert]","06/08/2026","v2 (06/08/2026) | v1: 22/06/2026","docs/tpps/twitter-advertising.mdx"
"twitter-conversion-tracking","Twitter Conversion Tracking","Twitter / X","Caution","Sub-service","No","Sub-service of Twitter Plugin","Support marketing analytics; Customise online ads (non-TCF)","[nicht dokumentiert]","Not yet notified","[nicht dokumentiert]","06/08/2026","v2 (06/08/2026) | v1: 22/06/2026","docs/tpps/twitter-conversion-tracking.mdx"
"twitter-analytics","Twitter Analytics","Twitter / X","Caution","Sub-service","No","Sub-service of Twitter Plugin","Support marketing analytics","[nicht dokumentiert]","Not yet notified","[nicht dokumentiert]","06/08/2026","v2 (06/08/2026) | v1: 22/06/2026","docs/tpps/twitter-analytics.mdx"
"criteo","Criteo","Criteo","Caution","Parent service","No","Parent service","Receive personalised marketing offers; Customise online ads (non-TCF)","dpo@criteo.com","Not yet notified","[nicht dokumentiert]","06/08/2026","v2 (06/08/2026) | v1: 22/06/2026","docs/tpps/criteo.mdx"
"criteo-onetag","Criteo OneTag","Criteo","Caution","Sub-service","No","Sub-service of Criteo","Receive personalised marketing offers; Customise online ads (non-TCF)","[nicht dokumentiert]","Not yet notified","[nicht dokumentiert]","06/08/2026","v2 (06/08/2026) | v1: 22/06/2026","docs/tpps/criteo-onetag.mdx"
"pinterest","Pinterest","Pinterest","Caution","Parent service","No","Parent service","Support marketing analytics; Receive personalised marketing offers; Customise online ads (non-TCF)","privacy@pinterest.com","Not yet notified","[nicht dokumentiert]","06/08/2026","v2 (06/08/2026) | v1: 22/06/2026","docs/tpps/pinterest.mdx"
"pinterest-tags","Pinterest Tags","Pinterest","Caution","Sub-service","No","Sub-service of Pinterest","Support marketing analytics; Receive personalised marketing offers; Customise online ads (non-TCF)","[nicht dokumentiert]","Not yet notified","[nicht dokumentiert]","06/08/2026","v2 (06/08/2026) | v1: 22/06/2026","docs/tpps/pinterest-tags.mdx"
"matomo-self-hosted","Matomo (self hosted)","Matomo","Privacy+","Parent service","No","Parent service (On-Premise)","Improve the service; Support marketing analytics","privacy@matomo.org","Not yet notified","[nicht dokumentiert]","06/08/2026","v2 (06/08/2026) | v1: 22/06/2026","docs/tpps/matomo-self-hosted.mdx"
"matomo","Matomo","Matomo","No badge","Sub-service","No","Sub-service (Matomo Cloud variant)","Improve the service; Support marketing analytics","privacy@matomo.org","Not yet notified","[nicht dokumentiert]","06/08/2026","v2 (06/08/2026) | v1: 22/06/2026","docs/tpps/matomo.mdx"
"etracker","etracker","etracker","Privacy+","Parent service","No","Parent service","Improve the service; Support marketing analytics","datenschutz@etracker.com","Not yet notified","[nicht dokumentiert]","06/08/2026","v2 (06/08/2026) | v1: 22/06/2026","docs/tpps/etracker.mdx"
"etracker-without-cookies","etracker without cookies","etracker","Privacy+","Sub-service","No","Sub-service of etracker","Improve the service; Support marketing analytics","datenschutz@etracker.com","Not yet notified","[nicht dokumentiert]","06/08/2026","v2 (06/08/2026) | v1: 22/06/2026","docs/tpps/etracker-without-cookies.mdx"
"econda-analytics-essential","econda Analytics Essential","DYMATRIX (formerly econda)","Privacy+","Sub-service","No","Product of DYMATRIX GmbH (econda merged into DYMATRIX 1 Apr 2024)","Improve the service; Support marketing analytics","datenschutz@dymatrix.de","Not yet notified","[nicht dokumentiert]","06/08/2026","v2 (06/08/2026) | v1: 22/06/2026","docs/tpps/econda-analytics-essential.mdx"
"econda-analytics","econda Analytics","DYMATRIX (formerly econda)","No badge","Sub-service","No","Product of DYMATRIX GmbH (econda merged into DYMATRIX 1 Apr 2024)","Improve the service; Support marketing analytics","datenschutz@dymatrix.de","Not yet notified","[nicht dokumentiert]","06/08/2026","v2 (06/08/2026) | v1: 22/06/2026","docs/tpps/econda-analytics.mdx"
"econda-cross-sell","econda Cross Sell","DYMATRIX (formerly econda)","No badge","Sub-service","No","Product of DYMATRIX GmbH (econda merged into DYMATRIX 1 Apr 2024)","Personalise the website","datenschutz@dymatrix.de","Not yet notified","[nicht dokumentiert]","06/08/2026","v2 (06/08/2026) | v1: 22/06/2026","docs/tpps/econda-cross-sell.mdx"
"econda-arp","econda ARP","DYMATRIX (formerly econda)","No badge","Sub-service","No","Product of DYMATRIX GmbH (econda merged into DYMATRIX 1 Apr 2024)","Personalise the website","datenschutz@dymatrix.de","Not yet notified","[nicht dokumentiert]","06/08/2026","v2 (06/08/2026) | v1: 22/06/2026","docs/tpps/econda-arp.mdx"
"hotjar","Hotjar","Hotjar","No badge","Parent service","No","Parent service","Improve the service; Personalise the website","privacy@hotjar.com","Not yet notified","[nicht dokumentiert]","06/08/2026","v2 (06/08/2026) | v1: 22/06/2026","docs/tpps/hotjar.mdx"
"mouseflow","Mouseflow","Session Recording","No badge","Parent service","No","[nicht dokumentiert]","Improve the service; Personalise the website","privacy@mouseflow.com","Not yet notified","[nicht dokumentiert]","06/08/2026","v2 (06/08/2026) | v1: 22/06/2026","docs/tpps/mouseflow.mdx"
"fullstory","Fullstory","Session Recording","No badge","Parent service","No","[nicht dokumentiert]","Improve the service; Personalise the website","privacy@fullstory.com","Not yet notified","[nicht dokumentiert]","06/08/2026","v2 (06/08/2026) | v1: 22/06/2026","docs/tpps/fullstory.mdx"
"smartlook","Smartlook","Session Recording","No badge","Parent service","No","[nicht dokumentiert]","Improve the service; Personalise the website","privacy@smartlook.com","Not yet notified","[nicht dokumentiert]","06/08/2026","v2 (06/08/2026) | v1: 22/06/2026","docs/tpps/smartlook.mdx"
"crazy-egg","Crazy Egg","Session Recording","No badge","Parent service","No","[nicht dokumentiert]","Improve the service; Personalise the website","privacy@crazyegg.com","Not yet notified","[nicht dokumentiert]","06/08/2026","v2 (06/08/2026) | v1: 22/06/2026","docs/tpps/crazy-egg.mdx"
"contentsquare","ContentSquare","Session Recording","No badge","Parent service","No","[nicht dokumentiert]","Improve the service; Personalise the website","privacy@contentsquare.com","Not yet notified","[nicht dokumentiert]","06/08/2026","v2 (06/08/2026) | v1: 22/06/2026","docs/tpps/contentsquare.mdx"
"microsoft-clarity-2","Microsoft Clarity","Session Recording","No badge","Duplicate / alias","No","See also: Microsoft Ecosystem","Improve the service; Personalise the website","MSPrivacy@microsoft.com","Not yet notified","[nicht dokumentiert]","06/08/2026","v2 (06/08/2026) | v1: 22/06/2026","docs/tpps/microsoft-clarity-2.mdx"
"hubspot","HubSpot","HubSpot","No badge","Parent service","No","Parent service","Improve the service; Support marketing analytics; Receive marketing offers; Receive personalised marketing offers","privacy@hubspot.com","Not yet notified","[nicht dokumentiert]","06/08/2026","v2 (06/08/2026) | v1: 22/06/2026","docs/tpps/hubspot.mdx"
"hubspot-forms","HubSpot Forms","HubSpot","No badge","Sub-service","No","Sub-service of HubSpot","Improve the service; Receive marketing offers","privacy@hubspot.com","Not yet notified","[nicht dokumentiert]","06/08/2026","v2 (06/08/2026) | v1: 22/06/2026","docs/tpps/hubspot-forms.mdx"
"hubspot-essential","HubSpot Essential","HubSpot","No badge","Sub-service","No","Sub-service of HubSpot","Improve the service; Support marketing analytics","privacy@hubspot.com","Not yet notified","[nicht dokumentiert]","06/08/2026","v2 (06/08/2026) | v1: 22/06/2026","docs/tpps/hubspot-essential.mdx"
"awin","AWIN","Affiliate Networks","No badge","Parent service","No","Parent service","Support marketing analytics","dpo@awin.com","Not yet notified","[nicht dokumentiert]","06/08/2026","v2 (06/08/2026) | v1: 22/06/2026","docs/tpps/awin.mdx"
"zanox-com","zanox.com","Affiliate Networks","No badge","Duplicate / alias","No","Legacy name for AWIN","Support marketing analytics","[nicht dokumentiert]","Not yet notified","[nicht dokumentiert]","06/08/2026","v2 (06/08/2026) | v1: 22/06/2026","docs/tpps/zanox-com.mdx"
"affilinet-webmasterplan","affilinet (Webmasterplan)","Affiliate Networks","No badge","Duplicate / alias","No","Now part of AWIN","Support marketing analytics","[nicht dokumentiert]","Not yet notified","[nicht dokumentiert]","06/08/2026","v2 (06/08/2026) | v1: 22/06/2026","docs/tpps/affilinet-webmasterplan.mdx"
"tradedoubler","TradeDoubler","Affiliate Networks","No badge","Parent service","No","[nicht dokumentiert]","Support marketing analytics","privacy@tradedoubler.com","Not yet notified","[nicht dokumentiert]","06/08/2026","v2 (06/08/2026) | v1: 22/06/2026","docs/tpps/tradedoubler.mdx"
"webgains","Webgains","Affiliate Networks","No badge","Parent service","No","[nicht dokumentiert]","Support marketing analytics","legal@webgains.com","Not yet notified","[nicht dokumentiert]","06/08/2026","v2 (06/08/2026) | v1: 22/06/2026","docs/tpps/webgains.mdx"
"belboon","Belboon","Affiliate Networks","No badge","Parent service","No","[nicht dokumentiert]","Support marketing analytics","datenschutz@belboon.com","Not yet notified","[nicht dokumentiert]","06/08/2026","v2 (06/08/2026) | v1: 22/06/2026","docs/tpps/belboon.mdx"
"adcell","ADCELL","Affiliate Networks","No badge","Parent service","No","[nicht dokumentiert]","Support marketing analytics","datenschutz@adcell.de","Not yet notified","[nicht dokumentiert]","06/08/2026","v2 (06/08/2026) | v1: 22/06/2026","docs/tpps/adcell.mdx"
"financeads","FinanceAds","Affiliate Networks","No badge","Parent service","No","[nicht dokumentiert]","Support marketing analytics","datenschutz@financeads.net","Not yet notified","[nicht dokumentiert]","06/08/2026","v2 (06/08/2026) | v1: 22/06/2026","docs/tpps/financeads.mdx"
"sovendus","Sovendus","Affiliate Networks","No badge","Parent service","No","[nicht dokumentiert]","Receive marketing offers","datenschutz@sovendus.de","Not yet notified","[nicht dokumentiert]","06/08/2026","v2 (06/08/2026) | v1: 22/06/2026","docs/tpps/sovendus.mdx"
"impact-radius","Impact Radius","Affiliate Networks","No badge","Parent service","No","[nicht dokumentiert]","Support marketing analytics","privacy@impact.com","Not yet notified","[nicht dokumentiert]","06/08/2026","v2 (06/08/2026) | v1: 22/06/2026","docs/tpps/impact-radius.mdx"
"partnerize","Partnerize","Affiliate Networks","No badge","Parent service","No","[nicht dokumentiert]","Support marketing analytics","privacy@partnerize.com","Not yet notified","[nicht dokumentiert]","06/08/2026","v2 (06/08/2026) | v1: 22/06/2026","docs/tpps/partnerize.mdx"
"rakuten-marketing","Rakuten Marketing","Affiliate Networks","No badge","Parent service","No","[nicht dokumentiert]","Support marketing analytics","privacy@rakutenmarketing.com","Not yet notified","[nicht dokumentiert]","06/08/2026","v2 (06/08/2026) | v1: 22/06/2026","docs/tpps/rakuten-marketing.mdx"
"tradetracker","TradeTracker","Affiliate Networks","No badge","Parent service","No","[nicht dokumentiert]","Support marketing analytics","privacy@tradetracker.com","Not yet notified","[nicht dokumentiert]","06/08/2026","v2 (06/08/2026) | v1: 22/06/2026","docs/tpps/tradetracker.mdx"
"ad4mat","Ad4Mat","Affiliate Networks","No badge","Parent service","No","[nicht dokumentiert]","Support marketing analytics","datenschutz@ad4mat.de","Not yet notified","[nicht dokumentiert]","06/08/2026","v2 (06/08/2026) | v1: 22/06/2026","docs/tpps/ad4mat.mdx"
"vimeo","Vimeo","Vimeo","No badge","Parent service","No","Parent service","Unlock additional website features","privacy@vimeo.com","Not yet notified","[nicht dokumentiert]","06/08/2026","v2 (06/08/2026) | v1: 22/06/2026","docs/tpps/vimeo.mdx"
"wistia","Wistia","Video Hosting","No badge","Parent service","No","[nicht dokumentiert]","Unlock additional website features; Support marketing analytics","privacy@wistia.com","Not yet notified","[nicht dokumentiert]","06/08/2026","v2 (06/08/2026) | v1: 22/06/2026","docs/tpps/wistia.mdx"
"jw-player","JW Player","Video Hosting","No badge","Parent service","No","[nicht dokumentiert]","Unlock additional website features","legal@jwplayer.com","Not yet notified","[nicht dokumentiert]","06/08/2026","v2 (06/08/2026) | v1: 22/06/2026","docs/tpps/jw-player.mdx"
"glomex","Glomex","Video Hosting","No badge","Parent service","No","[nicht dokumentiert]","Unlock additional website features","datenschutz@glomex.com","Not yet notified","[nicht dokumentiert]","06/08/2026","v2 (06/08/2026) | v1: 22/06/2026","docs/tpps/glomex.mdx"
"vlyby","Vlyby","Video Hosting","No badge","Parent service","No","[nicht dokumentiert]","Unlock additional website features","info@vlyby.com","Not yet notified","[nicht dokumentiert]","06/08/2026","v2 (06/08/2026) | v1: 22/06/2026","docs/tpps/vlyby.mdx"
"podigee","Podigee","Video Hosting","No badge","Parent service","No","[nicht dokumentiert]","Unlock additional website features","datenschutz@podigee.com","Not yet notified","[nicht dokumentiert]","06/08/2026","v2 (06/08/2026) | v1: 22/06/2026","docs/tpps/podigee.mdx"
"soundcloud","Soundcloud","Video Hosting","No badge","Parent service","No","[nicht dokumentiert]","Unlock additional website features","privacy@soundcloud.com","Not yet notified","[nicht dokumentiert]","06/08/2026","v2 (06/08/2026) | v1: 22/06/2026","docs/tpps/soundcloud.mdx"
"spotify","Spotify","Video Hosting","No badge","Parent service","No","[nicht dokumentiert]","Unlock additional website features","privacy@spotify.com","Not yet notified","[nicht dokumentiert]","06/08/2026","v2 (06/08/2026) | v1: 22/06/2026","docs/tpps/spotify.mdx"
"twitch","Twitch","Video Hosting","No badge","Parent service","No","[nicht dokumentiert]","Unlock additional website features","privacy@twitch.tv","Not yet notified","[nicht dokumentiert]","06/08/2026","v2 (06/08/2026) | v1: 22/06/2026","docs/tpps/twitch.mdx"
"radioplayer","Radioplayer","Video Hosting","No badge","Parent service","No","[nicht dokumentiert]","Unlock additional website features","info@radioplayer.co.uk","Not yet notified","[nicht dokumentiert]","06/08/2026","v2 (06/08/2026) | v1: 22/06/2026","docs/tpps/radioplayer.mdx"
"openstreetmap","OpenStreetMap","Mapping","No badge","Parent service","No","[nicht dokumentiert]","Unlock additional website features","data@osmfoundation.org","Not yet notified","[nicht dokumentiert]","06/08/2026","v2 (06/08/2026) | v1: 22/06/2026","docs/tpps/openstreetmap.mdx"
"bing-maps-2","Bing Maps","Mapping","No badge","Duplicate / alias","No","See also: Microsoft Ecosystem","Unlock additional website features","MSPrivacy@microsoft.com","Not yet notified","[nicht dokumentiert]","06/08/2026","v2 (06/08/2026) | v1: 22/06/2026","docs/tpps/bing-maps-2.mdx"
"mapbox","Mapbox","Mapping","No badge","Parent service","No","[nicht dokumentiert]","Unlock additional website features","privacy@mapbox.com","Not yet notified","[nicht dokumentiert]","06/08/2026","v2 (06/08/2026) | v1: 22/06/2026","docs/tpps/mapbox.mdx"
"wigeogis","Wigeogis","Mapping","No badge","Parent service","No","[nicht dokumentiert]","Unlock additional website features; Support marketing analytics","datenschutz@wigeogis.com","Not yet notified","[nicht dokumentiert]","06/08/2026","v2 (06/08/2026) | v1: 22/06/2026","docs/tpps/wigeogis.mdx"
"here","Here","Mapping","No badge","Parent service","No","[nicht dokumentiert]","Unlock additional website features","privacy@here.com","Not yet notified","[nicht dokumentiert]","06/08/2026","v2 (06/08/2026) | v1: 22/06/2026","docs/tpps/here.mdx"
"cloudflare","Cloudflare","CDN / Security","INFRA","Infrastructure only","Yes","[nicht dokumentiert]","Infrastructure only — no consent purpose required","[nicht dokumentiert]","Not yet notified","[nicht dokumentiert]","06/08/2026","v2 (06/08/2026) | v1: 22/06/2026","docs/tpps/cloudflare.mdx"
"cloudflare-inc","Cloudflare, Inc.","CDN / Security","INFRA","Duplicate / alias","Yes","Duplicate of Cloudflare","Infrastructure only — no consent purpose required","[nicht dokumentiert]","Not yet notified","[nicht dokumentiert]","06/08/2026","v2 (06/08/2026) | v1: 22/06/2026","docs/tpps/cloudflare-inc.mdx"
"akamai","Akamai","CDN / Security","INFRA","Infrastructure only","Yes","[nicht dokumentiert]","Infrastructure only — no consent purpose required","[nicht dokumentiert]","Not yet notified","[nicht dokumentiert]","06/08/2026","v2 (06/08/2026) | v1: 22/06/2026","docs/tpps/akamai.mdx"
"fastly","Fastly","CDN / Security","INFRA","Infrastructure only","Yes","[nicht dokumentiert]","Infrastructure only — no consent purpose required","[nicht dokumentiert]","Not yet notified","[nicht dokumentiert]","06/08/2026","v2 (06/08/2026) | v1: 22/06/2026","docs/tpps/fastly.mdx"
"stackpath-llc","StackPath LLC","CDN / Security","INFRA","Infrastructure only","Yes","[nicht dokumentiert]","Infrastructure only — no consent purpose required","[nicht dokumentiert]","Not yet notified","[nicht dokumentiert]","06/08/2026","v2 (06/08/2026) | v1: 22/06/2026","docs/tpps/stackpath-llc.mdx"
"cloudfront-net","cloudfront.net","CDN / Security","INFRA","Infrastructure only","Yes","[nicht dokumentiert]","Infrastructure only — no consent purpose required","[nicht dokumentiert]","Not yet notified","[nicht dokumentiert]","06/08/2026","v2 (06/08/2026) | v1: 22/06/2026","docs/tpps/cloudfront-net.mdx"
"amazon-cloudfront","Amazon Cloudfront","CDN / Security","INFRA","Duplicate / alias","Yes","Duplicate of cloudfront.net","Infrastructure only — no consent purpose required","[nicht dokumentiert]","Not yet notified","[nicht dokumentiert]","06/08/2026","v2 (06/08/2026) | v1: 22/06/2026","docs/tpps/amazon-cloudfront.mdx"
"amazon-web-services","Amazon Web Services","Cloud Hosting","INFRA","Infrastructure only","Yes","[nicht dokumentiert]","Infrastructure only — no consent purpose required","[nicht dokumentiert]","Not yet notified","[nicht dokumentiert]","06/08/2026","v2 (06/08/2026) | v1: 22/06/2026","docs/tpps/amazon-web-services.mdx"
"amazon-s3","Amazon S3","Cloud Hosting","INFRA","Sub-service","Yes","Sub-service of Amazon Web Services","Infrastructure only — no consent purpose required","[nicht dokumentiert]","Not yet notified","[nicht dokumentiert]","06/08/2026","v2 (06/08/2026) | v1: 22/06/2026","docs/tpps/amazon-s3.mdx"
"awselb","AWSELB","Cloud Hosting","INFRA","Sub-service","Yes","Sub-service of Amazon Web Services","Infrastructure only — no consent purpose required","[nicht dokumentiert]","Not yet notified","[nicht dokumentiert]","06/08/2026","v2 (06/08/2026) | v1: 22/06/2026","docs/tpps/awselb.mdx"
"microsoft-azure-2","Microsoft Azure","Cloud Hosting","INFRA","Duplicate / alias","Yes","See also: Microsoft Ecosystem","Infrastructure only — no consent purpose required","[nicht dokumentiert]","Not yet notified","[nicht dokumentiert]","06/08/2026","v2 (06/08/2026) | v1: 22/06/2026","docs/tpps/microsoft-azure-2.mdx"
"1-1-ionos","1&1 Ionos","Cloud Hosting","INFRA","Infrastructure only","Yes","[nicht dokumentiert]","Infrastructure only — no consent purpose required","[nicht dokumentiert]","Not yet notified","[nicht dokumentiert]","06/08/2026","v2 (06/08/2026) | v1: 22/06/2026","docs/tpps/1-1-ionos.mdx"
"google-cloud-2","Google Cloud","Cloud Hosting","No badge","Duplicate / alias","No","See also: Google – Other","Infrastructure only — no consent purpose required","privacy@google.com","Not yet notified","[nicht dokumentiert]","06/08/2026","v2 (06/08/2026) | v1: 22/06/2026","docs/tpps/google-cloud-2.mdx"
"jsdelivr","JSDelivr","CDN / Fonts","INFRA","Infrastructure only","Yes","[nicht dokumentiert]","Unlock additional website features","[nicht dokumentiert]","Not yet notified","[nicht dokumentiert]","06/08/2026","v2 (06/08/2026) | v1: 22/06/2026","docs/tpps/jsdelivr.mdx"
"bootstrapcdn","BootstrapCDN","CDN / Fonts","No badge","Infrastructure only","Yes","[nicht dokumentiert]","Unlock additional website features","[nicht dokumentiert]","Not yet notified","[nicht dokumentiert]","06/08/2026","v2 (06/08/2026) | v1: 22/06/2026","docs/tpps/bootstrapcdn.mdx"
"jquery","jQuery","CDN / Fonts","INFRA","Infrastructure only","Yes","[nicht dokumentiert]","Unlock additional website features","[nicht dokumentiert]","Not yet notified","[nicht dokumentiert]","06/08/2026","v2 (06/08/2026) | v1: 22/06/2026","docs/tpps/jquery.mdx"
"google-fonts-2","Google Fonts","CDN / Fonts","No badge","Duplicate / alias","Yes","See also: Google – Infrastructure","Unlock additional website features","[nicht dokumentiert]","Not yet notified","[nicht dokumentiert]","06/08/2026","v2 (06/08/2026) | v1: 22/06/2026","docs/tpps/google-fonts-2.mdx"
"adobe-fonts","Adobe Fonts","CDN / Fonts","No badge","Infrastructure only","Yes","[nicht dokumentiert]","Unlock additional website features","[nicht dokumentiert]","Not yet notified","[nicht dokumentiert]","06/08/2026","v2 (06/08/2026) | v1: 22/06/2026","docs/tpps/adobe-fonts.mdx"
"adobe-typekit","Adobe Typekit","CDN / Fonts","No badge","Sub-service","Yes","Sub-service of Adobe Fonts","Unlock additional website features","[nicht dokumentiert]","Not yet notified","[nicht dokumentiert]","06/08/2026","v2 (06/08/2026) | v1: 22/06/2026","docs/tpps/adobe-typekit.mdx"
"fonts-com","fonts.com","CDN / Fonts","No badge","Infrastructure only","Yes","[nicht dokumentiert]","Unlock additional website features","[nicht dokumentiert]","Not yet notified","[nicht dokumentiert]","06/08/2026","v2 (06/08/2026) | v1: 22/06/2026","docs/tpps/fonts-com.mdx"
"fonts-net","fonts.net","CDN / Fonts","No badge","Duplicate / alias","Yes","Variant of fonts.com","Unlock additional website features","[nicht dokumentiert]","Not yet notified","[nicht dokumentiert]","06/08/2026","v2 (06/08/2026) | v1: 22/06/2026","docs/tpps/fonts-net.mdx"
"fast-fonts-net","fast.fonts.net","CDN / Fonts","No badge","Duplicate / alias","Yes","Variant of fonts.com","Unlock additional website features","[nicht dokumentiert]","Not yet notified","[nicht dokumentiert]","06/08/2026","v2 (06/08/2026) | v1: 22/06/2026","docs/tpps/fast-fonts-net.mdx"
"fontawesome","Fontawesome","CDN / Fonts","No badge","Infrastructure only","Yes","[nicht dokumentiert]","Unlock additional website features","[nicht dokumentiert]","Not yet notified","[nicht dokumentiert]","06/08/2026","v2 (06/08/2026) | v1: 22/06/2026","docs/tpps/fontawesome.mdx"
"myfonts","MyFonts","CDN / Fonts","No badge","Infrastructure only","Yes","[nicht dokumentiert]","Unlock additional website features","[nicht dokumentiert]","Not yet notified","[nicht dokumentiert]","06/08/2026","v2 (06/08/2026) | v1: 22/06/2026","docs/tpps/myfonts.mdx"
"myfonts-counter","MyFonts Counter","CDN / Fonts","No badge","Sub-service","Yes","Sub-service of MyFonts","Unlock additional website features","[nicht dokumentiert]","Not yet notified","[nicht dokumentiert]","06/08/2026","v2 (06/08/2026) | v1: 22/06/2026","docs/tpps/myfonts-counter.mdx"
"gravatar","Gravatar","CDN / Fonts","No badge","Infrastructure only","Yes","[nicht dokumentiert]","Unlock additional website features","[nicht dokumentiert]","Not yet notified","[nicht dokumentiert]","06/08/2026","v2 (06/08/2026) | v1: 22/06/2026","docs/tpps/gravatar.mdx"
"polyfill","Polyfill","CDN / Security","No badge","Infrastructure only","Yes","[nicht dokumentiert]","Unlock additional website features","[nicht dokumentiert]","Not yet notified","[nicht dokumentiert]","06/08/2026","v2 (06/08/2026) | v1: 22/06/2026","docs/tpps/polyfill.mdx"
"wordpress-org","WordPress.org","CMS","INFRA","Infrastructure only","Yes","[nicht dokumentiert]","Infrastructure only — no consent purpose required","[nicht dokumentiert]","Not yet notified","[nicht dokumentiert]","06/08/2026","v2 (06/08/2026) | v1: 22/06/2026","docs/tpps/wordpress-org.mdx"
"wordpress-emoji","Wordpress Emoji","CMS","No badge","Sub-service","Yes","Sub-service of WordPress.org","Unlock additional website features","[nicht dokumentiert]","Not yet notified","[nicht dokumentiert]","06/08/2026","v2 (06/08/2026) | v1: 22/06/2026","docs/tpps/wordpress-emoji.mdx"
"contact-form-7","Contact Form 7","CMS","INFRA","Infrastructure only","Yes","[nicht dokumentiert]","Unlock additional website features","[nicht dokumentiert]","Not yet notified","[nicht dokumentiert]","06/08/2026","v2 (06/08/2026) | v1: 22/06/2026","docs/tpps/contact-form-7.mdx"
"jetpack-wordpress-plugin","JetPack (WordPress Plugin)","CMS","No badge","Infrastructure only","Yes","[nicht dokumentiert]","Improve the service; Unlock additional website features","[nicht dokumentiert]","Not yet notified","[nicht dokumentiert]","06/08/2026","v2 (06/08/2026) | v1: 22/06/2026","docs/tpps/jetpack-wordpress-plugin.mdx"
"wordfence-wordpress-plugin","Wordfence (WordPress Plugin)","CMS","INFRA","Infrastructure only","Yes","[nicht dokumentiert]","Infrastructure only — no consent purpose required","[nicht dokumentiert]","Not yet notified","[nicht dokumentiert]","06/08/2026","v2 (06/08/2026) | v1: 22/06/2026","docs/tpps/wordfence-wordpress-plugin.mdx"
"typo3","TYPO3","CMS","INFRA","Infrastructure only","Yes","[nicht dokumentiert]","Infrastructure only — no consent purpose required","[nicht dokumentiert]","Not yet notified","[nicht dokumentiert]","06/08/2026","v2 (06/08/2026) | v1: 22/06/2026","docs/tpps/typo3.mdx"
"magento","Magento","CMS","INFRA","Infrastructure only","Yes","[nicht dokumentiert]","Infrastructure only — no consent purpose required","[nicht dokumentiert]","Not yet notified","[nicht dokumentiert]","06/08/2026","v2 (06/08/2026) | v1: 22/06/2026","docs/tpps/magento.mdx"
"magento-persistent-shopping-cart","Magento Persistent Shopping Cart","CMS","INFRA","Sub-service","Yes","Sub-service of Magento","Unlock additional website features","[nicht dokumentiert]","Not yet notified","[nicht dokumentiert]","06/08/2026","v2 (06/08/2026) | v1: 22/06/2026","docs/tpps/magento-persistent-shopping-cart.mdx"
"shopware","Shopware","CMS","INFRA","Infrastructure only","Yes","[nicht dokumentiert]","Infrastructure only — no consent purpose required","[nicht dokumentiert]","Not yet notified","[nicht dokumentiert]","06/08/2026","v2 (06/08/2026) | v1: 22/06/2026","docs/tpps/shopware.mdx"
"kentico-cms","Kentico CMS","CMS","INFRA","Infrastructure only","Yes","[nicht dokumentiert]","Infrastructure only — no consent purpose required","[nicht dokumentiert]","Not yet notified","[nicht dokumentiert]","06/08/2026","v2 (06/08/2026) | v1: 22/06/2026","docs/tpps/kentico-cms.mdx"
"ibexa-dxp","Ibexa DXP","CMS","INFRA","Infrastructure only","Yes","[nicht dokumentiert]","Infrastructure only — no consent purpose required","[nicht dokumentiert]","Not yet notified","[nicht dokumentiert]","06/08/2026","v2 (06/08/2026) | v1: 22/06/2026","docs/tpps/ibexa-dxp.mdx"
"podlove","Podlove","CMS","INFRA","Infrastructure only","Yes","[nicht dokumentiert]","Unlock additional website features","[nicht dokumentiert]","Not yet notified","[nicht dokumentiert]","06/08/2026","v2 (06/08/2026) | v1: 22/06/2026","docs/tpps/podlove.mdx"
"typo3-2","TYPO3","CMS","INFRA","Duplicate / alias","Yes","Duplicate","Infrastructure only — no consent purpose required","[nicht dokumentiert]","Not yet notified","[nicht dokumentiert]","06/08/2026","v2 (06/08/2026) | v1: 22/06/2026","docs/tpps/typo3-2.mdx"
"adobe-launch","Adobe Launch","Tag Management","No badge","Infrastructure only","Yes","[nicht dokumentiert]","Support marketing analytics; Receive personalised marketing offers; Customise online ads (non-TCF)","[nicht dokumentiert]","Not yet notified","[nicht dokumentiert]","06/08/2026","v2 (06/08/2026) | v1: 22/06/2026","docs/tpps/adobe-launch.mdx"
"gstatic-com-2","gstatic.com","CDN / Fonts","No badge","Duplicate / alias","Yes","See also: Google – Infrastructure","Unlock additional website features","[nicht dokumentiert]","Not yet notified","[nicht dokumentiert]","06/08/2026","v2 (06/08/2026) | v1: 22/06/2026","docs/tpps/gstatic-com-2.mdx"
"paypal","PayPal","Payment","INFRA","Infrastructure only","Yes","[nicht dokumentiert]","Unlock additional website features","[nicht dokumentiert]","Not yet notified","[nicht dokumentiert]","06/08/2026","v2 (06/08/2026) | v1: 22/06/2026","docs/tpps/paypal.mdx"
"amazon-pay","Amazon Pay","Payment","INFRA","Infrastructure only","Yes","[nicht dokumentiert]","Unlock additional website features","[nicht dokumentiert]","Not yet notified","[nicht dokumentiert]","06/08/2026","v2 (06/08/2026) | v1: 22/06/2026","docs/tpps/amazon-pay.mdx"
"stripe","Stripe","Payment","INFRA","Infrastructure only","Yes","[nicht dokumentiert]","Unlock additional website features","[nicht dokumentiert]","Not yet notified","[nicht dokumentiert]","06/08/2026","v2 (06/08/2026) | v1: 22/06/2026","docs/tpps/stripe.mdx"
"klarna","Klarna","Payment","INFRA","Infrastructure only","Yes","[nicht dokumentiert]","Unlock additional website features","[nicht dokumentiert]","Not yet notified","[nicht dokumentiert]","06/08/2026","v2 (06/08/2026) | v1: 22/06/2026","docs/tpps/klarna.mdx"
"payone","Payone","Payment","INFRA","Infrastructure only","Yes","[nicht dokumentiert]","Unlock additional website features","[nicht dokumentiert]","Not yet notified","[nicht dokumentiert]","06/08/2026","v2 (06/08/2026) | v1: 22/06/2026","docs/tpps/payone.mdx"
"sofortueberweisung","Sofortüberweisung","Payment","INFRA","Infrastructure only","Yes","[nicht dokumentiert]","Unlock additional website features","[nicht dokumentiert]","Not yet notified","[nicht dokumentiert]","06/08/2026","v2 (06/08/2026) | v1: 22/06/2026","docs/tpps/sofortueberweisung.mdx"
"adobe-analytics","Adobe Analytics","Adobe Analytics","No badge","Parent service","No","Parent service","Improve the service; Support marketing analytics","DPO@adobe.com","Not yet notified","[nicht dokumentiert]","06/08/2026","v2 (06/08/2026) | v1: 22/06/2026","docs/tpps/adobe-analytics.mdx"
"adobe-audience-manager","Adobe Audience Manager","Adobe Analytics","Caution","Sub-service","No","Sub-service of Adobe Analytics","Support marketing analytics; Receive personalised marketing offers; Customise online ads (non-TCF)","[nicht dokumentiert]","Not yet notified","[nicht dokumentiert]","06/08/2026","v2 (06/08/2026) | v1: 22/06/2026","docs/tpps/adobe-audience-manager.mdx"
"adobe-target","Adobe Target","Adobe Analytics","No badge","Sub-service","No","Sub-service of Adobe Analytics","Personalise the website","[nicht dokumentiert]","Not yet notified","[nicht dokumentiert]","06/08/2026","v2 (06/08/2026) | v1: 22/06/2026","docs/tpps/adobe-target.mdx"
"adobe-experience-cloud","Adobe Experience Cloud","Adobe Analytics","No badge","Parent service","No","Suite label covering Adobe Analytics, Target, Audience Manager, Campaign","Improve the service; Support marketing analytics; Personalise the website; Receive personalised marketing offers; Customise online ads (non-TCF)","DPO@adobe.com","Not yet notified","[nicht dokumentiert]","06/08/2026","v2 (06/08/2026) | v1: 22/06/2026","docs/tpps/adobe-experience-cloud.mdx"
"at-internet","AT INTERNET","Analytics","No badge","Parent service","No","[nicht dokumentiert]","Improve the service; Support marketing analytics","dpo@atinternet.com","Not yet notified","[nicht dokumentiert]","06/08/2026","v2 (06/08/2026) | v1: 22/06/2026","docs/tpps/at-internet.mdx"
"piano","Piano","Analytics","No badge","Parent service","No","[nicht dokumentiert]","Improve the service; Support marketing analytics","privacy@piano.io","Not yet notified","[nicht dokumentiert]","06/08/2026","v2 (06/08/2026) | v1: 22/06/2026","docs/tpps/piano.mdx"
"piwik-pro","Piwik Pro","Analytics","No badge","Parent service","No","[nicht dokumentiert]","Improve the service; Support marketing analytics","privacy@piwik.pro","Not yet notified","[nicht dokumentiert]","06/08/2026","v2 (06/08/2026) | v1: 22/06/2026","docs/tpps/piwik-pro.mdx"
"mixpanel","Mixpanel","Analytics","No badge","Parent service","No","[nicht dokumentiert]","Improve the service; Support marketing analytics","privacy@mixpanel.com","Not yet notified","[nicht dokumentiert]","06/08/2026","v2 (06/08/2026) | v1: 22/06/2026","docs/tpps/mixpanel.mdx"
"heap","Heap","Analytics","No badge","Parent service","No","[nicht dokumentiert]","Improve the service; Support marketing analytics","privacy@heap.io","Not yet notified","[nicht dokumentiert]","06/08/2026","v2 (06/08/2026) | v1: 22/06/2026","docs/tpps/heap.mdx"
"amplitude","Amplitude","Analytics","No badge","Parent service","No","[nicht dokumentiert]","Improve the service; Support marketing analytics","privacy@amplitude.com","Not yet notified","[nicht dokumentiert]","06/08/2026","v2 (06/08/2026) | v1: 22/06/2026","docs/tpps/amplitude.mdx"
"webtrekk","Webtrekk","Analytics","No badge","Duplicate / alias","No","Legacy name for Mapp Intelligence","Improve the service; Support marketing analytics","[nicht dokumentiert]","Not yet notified","[nicht dokumentiert]","06/08/2026","v2 (06/08/2026) | v1: 22/06/2026","docs/tpps/webtrekk.mdx"
"mapp-intelligence-full-feature-tracking","Mapp Intelligence Full Feature Tracking","Mapp","No badge","Parent service","No","Parent service","Improve the service; Support marketing analytics","datenschutz@mapp.com","Not yet notified","[nicht dokumentiert]","06/08/2026","v2 (06/08/2026) | v1: 22/06/2026","docs/tpps/mapp-intelligence-full-feature-tracking.mdx"
"mapp-intelligence-tag-integration","Mapp Intelligence Tag Integration","Mapp","No badge","Sub-service","No","Sub-service of Mapp","See parent service","[nicht dokumentiert]","Not yet notified","[nicht dokumentiert]","06/08/2026","v2 (06/08/2026) | v1: 22/06/2026","docs/tpps/mapp-intelligence-tag-integration.mdx"
"mapp","Mapp","Mapp","No badge","Sub-service","No","Sub-service of Mapp","Improve the service; Support marketing analytics","[nicht dokumentiert]","Not yet notified","[nicht dokumentiert]","06/08/2026","v2 (06/08/2026) | v1: 22/06/2026","docs/tpps/mapp.mdx"
"siteimprove","Siteimprove","Analytics","No badge","Parent service","No","[nicht dokumentiert]","Improve the service; Support marketing analytics","privacy@siteimprove.com","Not yet notified","[nicht dokumentiert]","06/08/2026","v2 (06/08/2026) | v1: 22/06/2026","docs/tpps/siteimprove.mdx"
"snowplow","SnowPlow","Analytics","No badge","Parent service","No","[nicht dokumentiert]","Improve the service; Support marketing analytics","privacy@snowplow.io","Not yet notified","[nicht dokumentiert]","06/08/2026","v2 (06/08/2026) | v1: 22/06/2026","docs/tpps/snowplow.mdx"
"segment-io","Segment.io","Analytics","No badge","Parent service","No","[nicht dokumentiert]","Improve the service; Support marketing analytics","privacy@segment.com","Not yet notified","[nicht dokumentiert]","06/08/2026","v2 (06/08/2026) | v1: 22/06/2026","docs/tpps/segment-io.mdx"
"mixpanel-2","Mixpanel","Analytics","No badge","Duplicate / alias","No","Duplicate","Improve the service; Support marketing analytics","privacy@mixpanel.com","Not yet notified","[nicht dokumentiert]","06/08/2026","v2 (06/08/2026) | v1: 22/06/2026","docs/tpps/mixpanel-2.mdx"
"new-relic","New Relic","Monitoring / APM","INFRA","Infrastructure only","Yes","[nicht dokumentiert]","Infrastructure only — no consent purpose required","[nicht dokumentiert]","Not yet notified","[nicht dokumentiert]","06/08/2026","v2 (06/08/2026) | v1: 22/06/2026","docs/tpps/new-relic.mdx"
"nr-data-net","nr-data.net","Monitoring / APM","INFRA","Sub-service","Yes","Sub-service of New Relic","Infrastructure only — no consent purpose required","[nicht dokumentiert]","Not yet notified","[nicht dokumentiert]","06/08/2026","v2 (06/08/2026) | v1: 22/06/2026","docs/tpps/nr-data-net.mdx"
"appdynamics","AppDynamics","Monitoring / APM","INFRA","Infrastructure only","Yes","[nicht dokumentiert]","Infrastructure only — no consent purpose required","[nicht dokumentiert]","Not yet notified","[nicht dokumentiert]","06/08/2026","v2 (06/08/2026) | v1: 22/06/2026","docs/tpps/appdynamics.mdx"
"dynatrace","Dynatrace","Monitoring / APM","INFRA","Infrastructure only","Yes","[nicht dokumentiert]","Infrastructure only — no consent purpose required","[nicht dokumentiert]","Not yet notified","[nicht dokumentiert]","06/08/2026","v2 (06/08/2026) | v1: 22/06/2026","docs/tpps/dynatrace.mdx"
"bugsnag","Bugsnag","Monitoring / APM","INFRA","Infrastructure only","Yes","[nicht dokumentiert]","Infrastructure only — no consent purpose required","[nicht dokumentiert]","Not yet notified","[nicht dokumentiert]","06/08/2026","v2 (06/08/2026) | v1: 22/06/2026","docs/tpps/bugsnag.mdx"
"sentry","Sentry","Monitoring / APM","INFRA","Infrastructure only","Yes","[nicht dokumentiert]","Infrastructure only — no consent purpose required","[nicht dokumentiert]","Not yet notified","[nicht dokumentiert]","06/08/2026","v2 (06/08/2026) | v1: 22/06/2026","docs/tpps/sentry.mdx"
"pingdom","Pingdom","Monitoring / APM","INFRA","Infrastructure only","Yes","[nicht dokumentiert]","Infrastructure only — no consent purpose required","[nicht dokumentiert]","Not yet notified","[nicht dokumentiert]","06/08/2026","v2 (06/08/2026) | v1: 22/06/2026","docs/tpps/pingdom.mdx"
"pingdom-with-performance-tracking","Pingdom (with Performance Tracking)","Monitoring / APM","No badge","Parent service","No","[nicht dokumentiert]","Improve the service","[nicht dokumentiert]","Not yet notified","[nicht dokumentiert]","06/08/2026","v2 (06/08/2026) | v1: 22/06/2026","docs/tpps/pingdom-with-performance-tracking.mdx"
"speedcurve","SpeedCurve","Monitoring / APM","INFRA","Infrastructure only","Yes","[nicht dokumentiert]","Infrastructure only — no consent purpose required","[nicht dokumentiert]","Not yet notified","[nicht dokumentiert]","06/08/2026","v2 (06/08/2026) | v1: 22/06/2026","docs/tpps/speedcurve.mdx"
"crashlytics","Crashlytics","Monitoring / APM","INFRA","Sub-service","Yes","Sub-service of Google Firebase","Improve the service","[nicht dokumentiert]","Not yet notified","[nicht dokumentiert]","06/08/2026","v2 (06/08/2026) | v1: 22/06/2026","docs/tpps/crashlytics.mdx"
"cloudinary","Cloudinary","Media Management","INFRA","Infrastructure only","Yes","[nicht dokumentiert]","Infrastructure only — no consent purpose required","[nicht dokumentiert]","Not yet notified","[nicht dokumentiert]","06/08/2026","v2 (06/08/2026) | v1: 22/06/2026","docs/tpps/cloudinary.mdx"
"maxmind","MaxMind","Security","INFRA","Infrastructure only","Yes","[nicht dokumentiert]","Infrastructure only — no consent purpose required","[nicht dokumentiert]","Not yet notified","[nicht dokumentiert]","06/08/2026","v2 (06/08/2026) | v1: 22/06/2026","docs/tpps/maxmind.mdx"
"algolia","Algolia","Search","No badge","Parent service","No","[nicht dokumentiert]","Unlock additional website features","privacy@algolia.com","Not yet notified","[nicht dokumentiert]","06/08/2026","v2 (06/08/2026) | v1: 22/06/2026","docs/tpps/algolia.mdx"
"bluekai","BlueKai","Data / DMP","Caution","Parent service","No","[nicht dokumentiert]","Support marketing analytics; Receive personalised marketing offers; Customise online ads (non-TCF)","oracle_privacy@oracle.com","Not yet notified","[nicht dokumentiert]","06/08/2026","v2 (06/08/2026) | v1: 22/06/2026","docs/tpps/bluekai.mdx"
"exactag","exactag","Analytics","No badge","Parent service","No","[nicht dokumentiert]","Support marketing analytics","datenschutz@exactag.com","Not yet notified","[nicht dokumentiert]","06/08/2026","v2 (06/08/2026) | v1: 22/06/2026","docs/tpps/exactag.mdx"
"infonline","INFOnline","Measurement","No badge","Parent service","No","[nicht dokumentiert]","Support marketing analytics","datenschutz@infonline.de","Not yet notified","[nicht dokumentiert]","06/08/2026","v2 (06/08/2026) | v1: 22/06/2026","docs/tpps/infonline.mdx"
"scorecard-research","Scorecard Research","Measurement","No badge","Parent service","No","[nicht dokumentiert]","Support marketing analytics","privacy@comscore.com","Not yet notified","[nicht dokumentiert]","06/08/2026","v2 (06/08/2026) | v1: 22/06/2026","docs/tpps/scorecard-research.mdx"
"comscore","comScore","Measurement","No badge","Parent service","No","[nicht dokumentiert]","Support marketing analytics","privacy@comscore.com","Not yet notified","[nicht dokumentiert]","06/08/2026","v2 (06/08/2026) | v1: 22/06/2026","docs/tpps/comscore.mdx"
"vg-wort","VG Wort","Measurement","INFRA","Infrastructure only","Yes","[nicht dokumentiert]","Infrastructure only — no consent purpose required","[nicht dokumentiert]","Not yet notified","[nicht dokumentiert]","06/08/2026","v2 (06/08/2026) | v1: 22/06/2026","docs/tpps/vg-wort.mdx"
"ioam","Ioam","Measurement","No badge","Parent service","No","[nicht dokumentiert]","Support marketing analytics","datenschutz@infonline.de","Not yet notified","[nicht dokumentiert]","06/08/2026","v2 (06/08/2026) | v1: 22/06/2026","docs/tpps/ioam.mdx"
"matelso","MaTelSo","Analytics","No badge","Parent service","No","[nicht dokumentiert]","Support marketing analytics","datenschutz@matelso.de","Not yet notified","[nicht dokumentiert]","06/08/2026","v2 (06/08/2026) | v1: 22/06/2026","docs/tpps/matelso.mdx"
"recognized-microconversion","recognized-microConversion","Analytics","No badge","Parent service","No","[nicht dokumentiert]","Support marketing analytics","info@recognified.com","Not yet notified","[nicht dokumentiert]","06/08/2026","v2 (06/08/2026) | v1: 22/06/2026","docs/tpps/recognized-microconversion.mdx"
"econda","Econda","DYMATRIX (formerly econda)","No badge","Parent service","No","Parent brand — now DYMATRIX GmbH (econda merged into DYMATRIX 1 Apr 2024)","Improve the service; Support marketing analytics","datenschutz@dymatrix.de","Not yet notified","[nicht dokumentiert]","06/08/2026","v2 (06/08/2026) | v1: 22/06/2026","docs/tpps/econda.mdx"
"salesviewer","SalesViewer","Analytics","No badge","Parent service","No","[nicht dokumentiert]","Support marketing analytics","datenschutz@salesviewer.com","Not yet notified","[nicht dokumentiert]","06/08/2026","v2 (06/08/2026) | v1: 22/06/2026","docs/tpps/salesviewer.mdx"
"leadlab","LeadLab","Analytics","No badge","Parent service","No","[nicht dokumentiert]","Support marketing analytics","datenschutz@wiredminds.de","Not yet notified","[nicht dokumentiert]","06/08/2026","v2 (06/08/2026) | v1: 22/06/2026","docs/tpps/leadlab.mdx"
"leadfeeder","Leadfeeder","Analytics","No badge","Parent service","No","[nicht dokumentiert]","Support marketing analytics","privacy@dealfront.com","Not yet notified","[nicht dokumentiert]","06/08/2026","v2 (06/08/2026) | v1: 22/06/2026","docs/tpps/leadfeeder.mdx"
"albacross","Albacross","Analytics","No badge","Parent service","No","[nicht dokumentiert]","Support marketing analytics","privacy@albacross.com","Not yet notified","[nicht dokumentiert]","06/08/2026","v2 (06/08/2026) | v1: 22/06/2026","docs/tpps/albacross.mdx"
"lead-forensics","Lead Forensics","Analytics","No badge","Parent service","No","[nicht dokumentiert]","Support marketing analytics","privacy@leadforensics.com","Not yet notified","[nicht dokumentiert]","06/08/2026","v2 (06/08/2026) | v1: 22/06/2026","docs/tpps/lead-forensics.mdx"
"omniture","Omniture","Analytics","No badge","Duplicate / alias","No","Legacy name for Adobe Analytics","Improve the service; Support marketing analytics","[nicht dokumentiert]","Not yet notified","[nicht dokumentiert]","06/08/2026","v2 (06/08/2026) | v1: 22/06/2026","docs/tpps/omniture.mdx"
"xiti","XiTi","Analytics","No badge","Duplicate / alias","No","Legacy name for AT Internet","Improve the service; Support marketing analytics","[nicht dokumentiert]","Not yet notified","[nicht dokumentiert]","06/08/2026","v2 (06/08/2026) | v1: 22/06/2026","docs/tpps/xiti.mdx"
"1-1-webanalytics","1&1-WebAnalytics","Analytics","No badge","Parent service","No","[nicht dokumentiert]","Improve the service; Support marketing analytics","datenschutz@1und1.de","Not yet notified","[nicht dokumentiert]","06/08/2026","v2 (06/08/2026) | v1: 22/06/2026","docs/tpps/1-1-webanalytics.mdx"
"optimizely","Optimizely","Optimizely","No badge","Parent service","No","Parent service","Improve the service; Personalise the website","privacy@optimizely.com","Not yet notified","[nicht dokumentiert]","06/08/2026","v2 (06/08/2026) | v1: 22/06/2026","docs/tpps/optimizely.mdx"
"google-optimize-2","Google Optimize","AB Testing","Caution","Sub-service","No","Sub-service of Google (NOT related to Optimizely Inc.)","Personalise the website; Support marketing analytics","privacy@google.com","Not yet notified","[nicht dokumentiert]","06/08/2026","v2 (06/08/2026) | v1: 22/06/2026","docs/tpps/google-optimize-2.mdx"
"ab-tasty","AB Tasty","AB Testing","No badge","Parent service","No","[nicht dokumentiert]","Personalise the website","dpo@abtasty.com","Not yet notified","[nicht dokumentiert]","06/08/2026","v2 (06/08/2026) | v1: 22/06/2026","docs/tpps/ab-tasty.mdx"
"kameleoon","Kameleoon","AB Testing","No badge","Parent service","No","[nicht dokumentiert]","Personalise the website","dpo@kameleoon.com","Not yet notified","[nicht dokumentiert]","06/08/2026","v2 (06/08/2026) | v1: 22/06/2026","docs/tpps/kameleoon.mdx"
"visual-website-optimizer-vwo","Visual Website Optimizer (VWO)","AB Testing","No badge","Parent service","No","[nicht dokumentiert]","Personalise the website","gdpr@wingify.com","Not yet notified","[nicht dokumentiert]","06/08/2026","v2 (06/08/2026) | v1: 22/06/2026","docs/tpps/visual-website-optimizer-vwo.mdx"
"dynamic-yield","Dynamic Yield","AB Testing","No badge","Parent service","No","[nicht dokumentiert]","Personalise the website; Receive personalised marketing offers","privacy@dynamicyield.com","Not yet notified","[nicht dokumentiert]","06/08/2026","v2 (06/08/2026) | v1: 22/06/2026","docs/tpps/dynamic-yield.mdx"
"maxymiser","Maxymiser","AB Testing","No badge","Parent service","No","[nicht dokumentiert]","Personalise the website","oracle_privacy@oracle.com","Not yet notified","[nicht dokumentiert]","06/08/2026","v2 (06/08/2026) | v1: 22/06/2026","docs/tpps/maxymiser.mdx"
"behamics","Behamics","AB Testing","No badge","Parent service","No","[nicht dokumentiert]","Personalise the website","info@behamics.com","Not yet notified","[nicht dokumentiert]","06/08/2026","v2 (06/08/2026) | v1: 22/06/2026","docs/tpps/behamics.mdx"
"trbo","trbo","AB Testing","No badge","Parent service","No","Parent service","Personalise the website","datenschutz@trbo.com","Not yet notified","[nicht dokumentiert]","06/08/2026","v2 (06/08/2026) | v1: 22/06/2026","docs/tpps/trbo.mdx"
"trbo-with-profiling","trbo (with Profiling)","AB Testing","No badge","Sub-service","No","Sub-service of trbo","Personalise the website; Receive personalised marketing offers","[nicht dokumentiert]","Not yet notified","[nicht dokumentiert]","06/08/2026","v2 (06/08/2026) | v1: 22/06/2026","docs/tpps/trbo-with-profiling.mdx"
"trbo-only-banner","trbo (only Banner)","AB Testing","No badge","Sub-service","No","Sub-service of trbo","Personalise the website","[nicht dokumentiert]","Not yet notified","[nicht dokumentiert]","06/08/2026","v2 (06/08/2026) | v1: 22/06/2026","docs/tpps/trbo-only-banner.mdx"
"site-personalization","Site Personalization","AB Testing","No badge","Parent service","No","[nicht dokumentiert]","Personalise the website","[nicht dokumentiert]","Not yet notified","[nicht dokumentiert]","06/08/2026","v2 (06/08/2026) | v1: 22/06/2026","docs/tpps/site-personalization.mdx"
"salesforce","Salesforce","Salesforce","No badge","Parent service","No","Parent service","Improve the service; Receive marketing offers","privacy@salesforce.com","Not yet notified","[nicht dokumentiert]","06/08/2026","v2 (06/08/2026) | v1: 22/06/2026","docs/tpps/salesforce.mdx"
"pardot","Pardot","Salesforce","No badge","Sub-service","No","Sub-service of Salesforce","Support marketing analytics; Receive marketing offers","[nicht dokumentiert]","Not yet notified","[nicht dokumentiert]","06/08/2026","v2 (06/08/2026) | v1: 22/06/2026","docs/tpps/pardot.mdx"
"salesforce-audience-studio","Salesforce Audience Studio","Salesforce","Caution","Sub-service","No","Sub-service of Salesforce","Support marketing analytics; Receive personalised marketing offers; Customise online ads (non-TCF)","[nicht dokumentiert]","Not yet notified","[nicht dokumentiert]","06/08/2026","v2 (06/08/2026) | v1: 22/06/2026","docs/tpps/salesforce-audience-studio.mdx"
"eloqua","Eloqua","CRM / MA","No badge","Duplicate / alias","No","Oracle marketing automation (separate from Salesforce)","Support marketing analytics; Receive marketing offers","[nicht dokumentiert]","Not yet notified","[nicht dokumentiert]","06/08/2026","v2 (06/08/2026) | v1: 22/06/2026","docs/tpps/eloqua.mdx"
"hubspot-2","HubSpot","HubSpot","No badge","Duplicate / alias","No","See: HubSpot section","Improve the service; Support marketing analytics; Receive marketing offers; Receive personalised marketing offers","privacy@hubspot.com","Not yet notified","[nicht dokumentiert]","06/08/2026","v2 (06/08/2026) | v1: 22/06/2026","docs/tpps/hubspot-2.mdx"
"emarsys","Emarsys","Marketing Automation","No badge","Parent service","No","[nicht dokumentiert]","Receive marketing offers; Receive personalised marketing offers","privacy@emarsys.com","Not yet notified","[nicht dokumentiert]","06/08/2026","v2 (06/08/2026) | v1: 22/06/2026","docs/tpps/emarsys.mdx"
"klaviyo","Klaviyo","Marketing Automation","No badge","Parent service","No","[nicht dokumentiert]","Support marketing analytics; Receive marketing offers; Receive personalised marketing offers","privacy@klaviyo.com","Not yet notified","[nicht dokumentiert]","06/08/2026","v2 (06/08/2026) | v1: 22/06/2026","docs/tpps/klaviyo.mdx"
"mailchimp","Mailchimp","Marketing Automation","No badge","Parent service","No","[nicht dokumentiert]","Support marketing analytics; Receive marketing offers","privacy@intuit.com","Not yet notified","[nicht dokumentiert]","06/08/2026","v2 (06/08/2026) | v1: 22/06/2026","docs/tpps/mailchimp.mdx"
"cleverreach","CleverReach","Marketing Automation","No badge","Parent service","No","[nicht dokumentiert]","Receive marketing offers","datenschutz@cleverreach.com","Not yet notified","[nicht dokumentiert]","06/08/2026","v2 (06/08/2026) | v1: 22/06/2026","docs/tpps/cleverreach.mdx"
"inxmail","Inxmail","Marketing Automation","No badge","Parent service","No","[nicht dokumentiert]","Receive marketing offers","datenschutz@inxmail.de","Not yet notified","[nicht dokumentiert]","06/08/2026","v2 (06/08/2026) | v1: 22/06/2026","docs/tpps/inxmail.mdx"
"newsletter2go","Newsletter2Go","Marketing Automation","No badge","Parent service","No","[nicht dokumentiert]","Receive marketing offers","privacy@brevo.com","Not yet notified","[nicht dokumentiert]","06/08/2026","v2 (06/08/2026) | v1: 22/06/2026","docs/tpps/newsletter2go.mdx"
"marketo","Marketo","Marketing Automation","No badge","Parent service","No","[nicht dokumentiert]","Support marketing analytics; Receive marketing offers","DPO@adobe.com","Not yet notified","[nicht dokumentiert]","06/08/2026","v2 (06/08/2026) | v1: 22/06/2026","docs/tpps/marketo.mdx"
"click-dimensions","Click Dimensions","Marketing Automation","No badge","Parent service","No","[nicht dokumentiert]","Support marketing analytics; Receive marketing offers","privacy@clickdimensions.com","Not yet notified","[nicht dokumentiert]","06/08/2026","v2 (06/08/2026) | v1: 22/06/2026","docs/tpps/click-dimensions.mdx"
"evalanche","Evalanche","Marketing Automation","No badge","Parent service","No","[nicht dokumentiert]","Receive marketing offers","datenschutz@sc-networks.de","Not yet notified","[nicht dokumentiert]","06/08/2026","v2 (06/08/2026) | v1: 22/06/2026","docs/tpps/evalanche.mdx"
"mautic","Mautic","Marketing Automation","No badge","Parent service","No","[nicht dokumentiert]","Support marketing analytics; Receive marketing offers","privacy@mautic.com","Not yet notified","[nicht dokumentiert]","06/08/2026","v2 (06/08/2026) | v1: 22/06/2026","docs/tpps/mautic.mdx"
"crossengage","CrossEngage","Marketing Automation","No badge","Parent service","No","[nicht dokumentiert]","Support marketing analytics; Receive marketing offers; Receive personalised marketing offers","datenschutz@crossengage.io","Not yet notified","[nicht dokumentiert]","06/08/2026","v2 (06/08/2026) | v1: 22/06/2026","docs/tpps/crossengage.mdx"
"intercom","Intercom","Marketing Automation","No badge","Parent service","No","[nicht dokumentiert]","Improve the service; Receive marketing offers","privacy@intercom.io","Not yet notified","[nicht dokumentiert]","06/08/2026","v2 (06/08/2026) | v1: 22/06/2026","docs/tpps/intercom.mdx"
"freshchat","Freshchat","Marketing Automation","No badge","Parent service","No","[nicht dokumentiert]","Improve the service","privacy@freshworks.com","Not yet notified","[nicht dokumentiert]","06/08/2026","v2 (06/08/2026) | v1: 22/06/2026","docs/tpps/freshchat.mdx"
"livechat","LiveChat","Marketing Automation","No badge","Parent service","No","[nicht dokumentiert]","Improve the service","privacy@livechat.com","Not yet notified","[nicht dokumentiert]","06/08/2026","v2 (06/08/2026) | v1: 22/06/2026","docs/tpps/livechat.mdx"
"zendesk","Zendesk","Marketing Automation","No badge","Parent service","No","[nicht dokumentiert]","Improve the service","privacy@zendesk.com","Not yet notified","[nicht dokumentiert]","06/08/2026","v2 (06/08/2026) | v1: 22/06/2026","docs/tpps/zendesk.mdx"
"zopim","Zopim","Marketing Automation","No badge","Sub-service","No","Sub-service of Zendesk","Improve the service","[nicht dokumentiert]","Not yet notified","[nicht dokumentiert]","06/08/2026","v2 (06/08/2026) | v1: 22/06/2026","docs/tpps/zopim.mdx"
"userlike","Userlike","Marketing Automation","No badge","Parent service","No","[nicht dokumentiert]","Improve the service","datenschutz@userlike.com","Not yet notified","[nicht dokumentiert]","06/08/2026","v2 (06/08/2026) | v1: 22/06/2026","docs/tpps/userlike.mdx"
"iadvize","iAdvize","Marketing Automation","No badge","Parent service","No","[nicht dokumentiert]","Improve the service; Personalise the website","dpo@iadvize.com","Not yet notified","[nicht dokumentiert]","06/08/2026","v2 (06/08/2026) | v1: 22/06/2026","docs/tpps/iadvize.mdx"
"tidio","Tidio","Marketing Automation","No badge","Parent service","No","[nicht dokumentiert]","Improve the service","privacy@tidio.com","Not yet notified","[nicht dokumentiert]","06/08/2026","v2 (06/08/2026) | v1: 22/06/2026","docs/tpps/tidio.mdx"
"tawk-to","tawk.to","Marketing Automation","No badge","Parent service","No","[nicht dokumentiert]","Improve the service","privacy@tawk.to","Not yet notified","[nicht dokumentiert]","06/08/2026","v2 (06/08/2026) | v1: 22/06/2026","docs/tpps/tawk-to.mdx"
"sleeknote","Sleeknote","Marketing Automation","No badge","Parent service","No","[nicht dokumentiert]","Receive marketing offers; Personalise the website","privacy@sleeknote.com","Not yet notified","[nicht dokumentiert]","06/08/2026","v2 (06/08/2026) | v1: 22/06/2026","docs/tpps/sleeknote.mdx"
"pipedrive","Pipedrive","CRM","No badge","Parent service","No","[nicht dokumentiert]","Improve the service","privacy@pipedrive.com","Not yet notified","[nicht dokumentiert]","06/08/2026","v2 (06/08/2026) | v1: 22/06/2026","docs/tpps/pipedrive.mdx"
"messengerpeople","MessengerPeople","Marketing Automation","No badge","Parent service","No","[nicht dokumentiert]","Receive marketing offers","datenschutz@messengerpeoplebysinch.com","Not yet notified","[nicht dokumentiert]","06/08/2026","v2 (06/08/2026) | v1: 22/06/2026","docs/tpps/messengerpeople.mdx"
"cleverpush","CleverPush","Marketing Automation","No badge","Parent service","No","[nicht dokumentiert]","Receive marketing offers","datenschutz@cleverpush.com","Not yet notified","[nicht dokumentiert]","06/08/2026","v2 (06/08/2026) | v1: 22/06/2026","docs/tpps/cleverpush.mdx"
"airship","Airship","Marketing Automation","No badge","Parent service","No","[nicht dokumentiert]","Receive marketing offers","privacy@airship.com","Not yet notified","[nicht dokumentiert]","06/08/2026","v2 (06/08/2026) | v1: 22/06/2026","docs/tpps/airship.mdx"
"pushpanda","Pushpanda","Marketing Automation","No badge","Parent service","No","[nicht dokumentiert]","Receive marketing offers","info@pushpanda.de","Not yet notified","[nicht dokumentiert]","06/08/2026","v2 (06/08/2026) | v1: 22/06/2026","docs/tpps/pushpanda.mdx"
"rapidmail","rapidmail","Marketing Automation","No badge","Parent service","No","[nicht dokumentiert]","Receive marketing offers","datenschutz@rapidmail.de","Not yet notified","[nicht dokumentiert]","06/08/2026","v2 (06/08/2026) | v1: 22/06/2026","docs/tpps/rapidmail.mdx"
"adjust","Adjust","Mobile Analytics","No badge","Parent service","No","[nicht dokumentiert]","Support marketing analytics","privacy@adjust.com","Not yet notified","[nicht dokumentiert]","06/08/2026","v2 (06/08/2026) | v1: 22/06/2026","docs/tpps/adjust.mdx"
"zapier","Zapier","Workflow Automation","INFRA","Infrastructure only","Yes","[nicht dokumentiert]","Infrastructure only — no consent purpose required","[nicht dokumentiert]","Not yet notified","[nicht dokumentiert]","06/08/2026","v2 (06/08/2026) | v1: 22/06/2026","docs/tpps/zapier.mdx"
"personio","Personio","HR Software","INFRA","Infrastructure only","Yes","[nicht dokumentiert]","Infrastructure only — no consent purpose required","[nicht dokumentiert]","Not yet notified","[nicht dokumentiert]","06/08/2026","v2 (06/08/2026) | v1: 22/06/2026","docs/tpps/personio.mdx"
"calendly","Calendly","Scheduling","No badge","Parent service","No","[nicht dokumentiert]","Unlock additional website features","privacy@calendly.com","Not yet notified","[nicht dokumentiert]","06/08/2026","v2 (06/08/2026) | v1: 22/06/2026","docs/tpps/calendly.mdx"
"gotowebinar","GoToWebinar","Webinar","No badge","Parent service","No","[nicht dokumentiert]","Unlock additional website features; Receive marketing offers","privacy@logmein.com","Not yet notified","[nicht dokumentiert]","06/08/2026","v2 (06/08/2026) | v1: 22/06/2026","docs/tpps/gotowebinar.mdx"
"typeform","Typeform","Forms / Surveys","No badge","Parent service","No","[nicht dokumentiert]","Unlock additional website features","dpo@typeform.com","Not yet notified","[nicht dokumentiert]","06/08/2026","v2 (06/08/2026) | v1: 22/06/2026","docs/tpps/typeform.mdx"
"jotform","JotForm","Forms / Surveys","No badge","Parent service","No","[nicht dokumentiert]","Unlock additional website features","privacy@jotform.com","Not yet notified","[nicht dokumentiert]","06/08/2026","v2 (06/08/2026) | v1: 22/06/2026","docs/tpps/jotform.mdx"
"surveymonkey","SurveyMonkey","Forms / Surveys","No badge","Parent service","No","[nicht dokumentiert]","Unlock additional website features","privacy@surveymonkey.com","Not yet notified","[nicht dokumentiert]","06/08/2026","v2 (06/08/2026) | v1: 22/06/2026","docs/tpps/surveymonkey.mdx"
"qualtrics","Qualtrics","Forms / Surveys","No badge","Parent service","No","[nicht dokumentiert]","Unlock additional website features","privacy@qualtrics.com","Not yet notified","[nicht dokumentiert]","06/08/2026","v2 (06/08/2026) | v1: 22/06/2026","docs/tpps/qualtrics.mdx"
"unbounce","Unbounce","Landing Pages","No badge","Parent service","No","[nicht dokumentiert]","Receive marketing offers","privacy@unbounce.com","Not yet notified","[nicht dokumentiert]","06/08/2026","v2 (06/08/2026) | v1: 22/06/2026","docs/tpps/unbounce.mdx"
"activecampaign","ActiveCampaign","Marketing Automation","No badge","Parent service","No","[nicht dokumentiert]","Support marketing analytics; Receive marketing offers; Receive personalised marketing offers","privacy@activecampaign.com","Not yet notified","[nicht dokumentiert]","06/08/2026","v2 (06/08/2026) | v1: 22/06/2026","docs/tpps/activecampaign.mdx"
"getsitecontrol","getsitecontrol","Marketing Automation","No badge","Parent service","No","[nicht dokumentiert]","Receive marketing offers; Personalise the website","privacy@getsitecontrol.com","Not yet notified","[nicht dokumentiert]","06/08/2026","v2 (06/08/2026) | v1: 22/06/2026","docs/tpps/getsitecontrol.mdx"
"outbrain","Outbrain","Native Advertising","Caution","Parent service","No","Parent service","Receive personalised marketing offers; Customise online ads (non-TCF)","privacy@outbrain.com","Not yet notified","[nicht dokumentiert]","06/08/2026","v2 (06/08/2026) | v1: 22/06/2026","docs/tpps/outbrain.mdx"
"outbrain-amplify","Outbrain Amplify","Native Advertising","Caution","Sub-service","No","Sub-service of Outbrain","Receive personalised marketing offers; Customise online ads (non-TCF)","[nicht dokumentiert]","Not yet notified","[nicht dokumentiert]","06/08/2026","v2 (06/08/2026) | v1: 22/06/2026","docs/tpps/outbrain-amplify.mdx"
"zemanta","Zemanta","Native Advertising","Caution","Sub-service","No","Acquired by Outbrain Jul 2017; operates as Outbrain's programmatic DSP platform","Receive personalised marketing offers; Customise online ads (non-TCF)","[nicht dokumentiert]","Not yet notified","[nicht dokumentiert]","06/08/2026","v2 (06/08/2026) | v1: 22/06/2026","docs/tpps/zemanta.mdx"
"taboola","Taboola","Native Advertising","Caution","Parent service","No","Parent service","Receive personalised marketing offers; Customise online ads (non-TCF)","privacy@taboola.com","Not yet notified","[nicht dokumentiert]","06/08/2026","v2 (06/08/2026) | v1: 22/06/2026","docs/tpps/taboola.mdx"
"taboola-europe","Taboola Europe","Native Advertising","Caution","Sub-service","No","Sub-service of Taboola","Receive personalised marketing offers; Customise online ads (non-TCF)","[nicht dokumentiert]","Not yet notified","[nicht dokumentiert]","06/08/2026","v2 (06/08/2026) | v1: 22/06/2026","docs/tpps/taboola-europe.mdx"
"plista","Plista","Native Advertising","Caution","Parent service","No","[nicht dokumentiert]","Receive personalised marketing offers; Customise online ads (non-TCF)","datenschutz@plista.com","Not yet notified","[nicht dokumentiert]","06/08/2026","v2 (06/08/2026) | v1: 22/06/2026","docs/tpps/plista.mdx"
"ligatus","Ligatus","Native Advertising","Caution","Parent service","No","[nicht dokumentiert]","Receive personalised marketing offers; Customise online ads (non-TCF)","datenschutz@ligatus.com","Not yet notified","[nicht dokumentiert]","06/08/2026","v2 (06/08/2026) | v1: 22/06/2026","docs/tpps/ligatus.mdx"
"seeding-alliance","Seeding Alliance","Native Advertising","Caution","Parent service","No","[nicht dokumentiert]","Receive personalised marketing offers; Customise online ads (non-TCF)","datenschutz@seeding-alliance.de","Not yet notified","[nicht dokumentiert]","06/08/2026","v2 (06/08/2026) | v1: 22/06/2026","docs/tpps/seeding-alliance.mdx"
"adup-technology","AdUp Technology","Native Advertising","Caution","Parent service","No","[nicht dokumentiert]","Receive personalised marketing offers; Customise online ads (non-TCF)","datenschutz@aduptech.com","Not yet notified","[nicht dokumentiert]","06/08/2026","v2 (06/08/2026) | v1: 22/06/2026","docs/tpps/adup-technology.mdx"
"adform","Adform","Native Advertising","Caution","Parent service","No","[nicht dokumentiert]","Support marketing analytics; Receive personalised marketing offers; Customise online ads (non-TCF)","privacy@adform.com","Not yet notified","[nicht dokumentiert]","06/08/2026","v2 (06/08/2026) | v1: 22/06/2026","docs/tpps/adform.mdx"
"adition","Adition","Native Advertising","Caution","Parent service","No","[nicht dokumentiert]","Receive personalised marketing offers; Customise online ads (non-TCF)","datenschutz@stroeer.de","Not yet notified","[nicht dokumentiert]","06/08/2026","v2 (06/08/2026) | v1: 22/06/2026","docs/tpps/adition.mdx"
"appnexus-adnxs-com","AppNexus (adnxs.com)","Native Advertising","Caution","Duplicate / alias","No","Brand retired 2018 → became Xandr → Microsoft Invest → shutdown 28 Feb 2026","Receive personalised marketing offers; Customise online ads (non-TCF)","[nicht dokumentiert]","Not yet notified","[nicht dokumentiert]","06/08/2026","v2 (06/08/2026) | v1: 22/06/2026","docs/tpps/appnexus-adnxs-com.mdx"
"xandr","Xandr","Microsoft Advertising (formerly Xandr / AppNexus)","Caution","Parent service","No","Microsoft Invest DSP (formerly Xandr, formerly AppNexus) — shutdown announced for 28 Feb 2026","Receive personalised marketing offers; Customise online ads (non-TCF)","xandr.privacy@xandr.com","Not yet notified","[nicht dokumentiert]","06/08/2026","v2 (06/08/2026) | v1: 22/06/2026","docs/tpps/xandr.mdx"
"tradedesk","TradeDesk","Native Advertising","Caution","Parent service","No","Parent service","Receive personalised marketing offers; Customise online ads (non-TCF)","privacy@thetradedesk.com","Not yet notified","[nicht dokumentiert]","06/08/2026","v2 (06/08/2026) | v1: 22/06/2026","docs/tpps/tradedesk.mdx"
"adsrvr","adsrvr","Native Advertising","Caution","Sub-service","No","Sub-service of TradeDesk","Receive personalised marketing offers; Customise online ads (non-TCF)","[nicht dokumentiert]","Not yet notified","[nicht dokumentiert]","06/08/2026","v2 (06/08/2026) | v1: 22/06/2026","docs/tpps/adsrvr.mdx"
"mediamath","MediaMath","Native Advertising","No badge","Parent service","No","DEFUNCT — filed Chapter 11 bankruptcy 30 Jun 2023; operations shut down","Receive personalised marketing offers; Customise online ads (non-TCF)","privacy@infillion.com","Not yet notified","[nicht dokumentiert]","06/08/2026","v2 (06/08/2026) | v1: 22/06/2026","docs/tpps/mediamath.mdx"
"dataxu","DataXu","Roku (formerly DataXu)","Caution","Parent service","No","Rebranded — DataXu acquired by Roku Oct 2019; now operates as Roku OneView","Receive personalised marketing offers; Customise online ads (non-TCF)","privacy@roku.com","Not yet notified","[nicht dokumentiert]","06/08/2026","v2 (06/08/2026) | v1: 22/06/2026","docs/tpps/dataxu.mdx"
"bidswitch","BIDSWITCH","Native Advertising","Caution","Parent service","No","[nicht dokumentiert]","Receive personalised marketing offers; Customise online ads (non-TCF)","privacy@bidswitch.com","Not yet notified","[nicht dokumentiert]","06/08/2026","v2 (06/08/2026) | v1: 22/06/2026","docs/tpps/bidswitch.mdx"
"pulsepoint","PulsePoint","Native Advertising","Caution","Parent service","No","[nicht dokumentiert]","Receive personalised marketing offers; Customise online ads (non-TCF)","privacy@pulsepoint.com","Not yet notified","[nicht dokumentiert]","06/08/2026","v2 (06/08/2026) | v1: 22/06/2026","docs/tpps/pulsepoint.mdx"
"display-video-360-2","Display & Video 360","Native Advertising","Caution","Duplicate / alias","No","See: Google Ads section","Receive personalised marketing offers; Customise online ads (non-TCF)","[nicht dokumentiert]","Not yet notified","[nicht dokumentiert]","06/08/2026","v2 (06/08/2026) | v1: 22/06/2026","docs/tpps/display-video-360-2.mdx"
"flashtalking","Flashtalking","Native Advertising","Caution","Parent service","No","[nicht dokumentiert]","Receive personalised marketing offers; Customise online ads (non-TCF)","privacy@mediaocean.com","Not yet notified","[nicht dokumentiert]","06/08/2026","v2 (06/08/2026) | v1: 22/06/2026","docs/tpps/flashtalking.mdx"
"freewheel","Freewheel","Native Advertising","Caution","Parent service","No","[nicht dokumentiert]","Receive personalised marketing offers; Customise online ads (non-TCF)","privacy@freewheel.com","Not yet notified","[nicht dokumentiert]","06/08/2026","v2 (06/08/2026) | v1: 22/06/2026","docs/tpps/freewheel.mdx"
"innovid","Innovid","Native Advertising","Caution","Parent service","No","[nicht dokumentiert]","Receive personalised marketing offers; Customise online ads (non-TCF)","privacy@mediaocean.com","Not yet notified","[nicht dokumentiert]","06/08/2026","v2 (06/08/2026) | v1: 22/06/2026","docs/tpps/innovid.mdx"
"adswizz","AdsWizz","Native Advertising","Caution","Parent service","No","[nicht dokumentiert]","Receive personalised marketing offers; Customise online ads (non-TCF)","privacy@adswizz.com","Not yet notified","[nicht dokumentiert]","06/08/2026","v2 (06/08/2026) | v1: 22/06/2026","docs/tpps/adswizz.mdx"
"yandex","Yandex","Native Advertising","Caution","Parent service","No","[nicht dokumentiert]","Support marketing analytics; Receive personalised marketing offers; Customise online ads (non-TCF)","privacy@yandex-team.com","Not yet notified","[nicht dokumentiert]","06/08/2026","v2 (06/08/2026) | v1: 22/06/2026","docs/tpps/yandex.mdx"
"tiktok","TikTok","Native Advertising","Caution","Parent service","No","Parent service","Support marketing analytics; Receive personalised marketing offers; Customise online ads (non-TCF)","privacy@tiktok.com","Not yet notified","[nicht dokumentiert]","06/08/2026","v2 (06/08/2026) | v1: 22/06/2026","docs/tpps/tiktok.mdx"
"tiktok-advertising","TikTok Advertising","Native Advertising","Caution","Sub-service","No","Sub-service of TikTok","Receive personalised marketing offers; Customise online ads (non-TCF)","[nicht dokumentiert]","Not yet notified","[nicht dokumentiert]","06/08/2026","v2 (06/08/2026) | v1: 22/06/2026","docs/tpps/tiktok-advertising.mdx"
"snap-pixel","Snap Pixel","Native Advertising","Caution","Parent service","No","Parent service","Support marketing analytics; Receive personalised marketing offers; Customise online ads (non-TCF)","privacy@snap.com","Not yet notified","[nicht dokumentiert]","06/08/2026","v2 (06/08/2026) | v1: 22/06/2026","docs/tpps/snap-pixel.mdx"
"snapchat-advertising","Snapchat Advertising","Native Advertising","Caution","Sub-service","No","Sub-service of Snap Pixel","Receive personalised marketing offers; Customise online ads (non-TCF)","[nicht dokumentiert]","Not yet notified","[nicht dokumentiert]","06/08/2026","v2 (06/08/2026) | v1: 22/06/2026","docs/tpps/snapchat-advertising.mdx"
"snapchat","Snapchat","Native Advertising","No badge","Parent service","No","[nicht dokumentiert]","Unlock additional website features","privacy@snap.com","Not yet notified","[nicht dokumentiert]","06/08/2026","v2 (06/08/2026) | v1: 22/06/2026","docs/tpps/snapchat.mdx"
"quantcast","Quantcast","Native Advertising","Caution","Parent service","No","[nicht dokumentiert]","Support marketing analytics; Receive personalised marketing offers; Customise online ads (non-TCF)","privacy@quantcast.com","Not yet notified","[nicht dokumentiert]","06/08/2026","v2 (06/08/2026) | v1: 22/06/2026","docs/tpps/quantcast.mdx"
"advertising-com","Advertising.com","Native Advertising","Caution","Parent service","No","[nicht dokumentiert]","Receive personalised marketing offers; Customise online ads (non-TCF)","privacy@yahoo.com","Not yet notified","[nicht dokumentiert]","06/08/2026","v2 (06/08/2026) | v1: 22/06/2026","docs/tpps/advertising-com.mdx"
"yahoo-ad-manager-plus","Yahoo Ad Manager Plus","Native Advertising","Caution","Parent service","No","[nicht dokumentiert]","Receive personalised marketing offers; Customise online ads (non-TCF)","privacy@yahoo.com","Not yet notified","[nicht dokumentiert]","06/08/2026","v2 (06/08/2026) | v1: 22/06/2026","docs/tpps/yahoo-ad-manager-plus.mdx"
"yahoo-gemini","Yahoo Gemini","Native Advertising","Caution","Parent service","No","[nicht dokumentiert]","Receive personalised marketing offers; Customise online ads (non-TCF)","privacy@yahoo.com","Not yet notified","[nicht dokumentiert]","06/08/2026","v2 (06/08/2026) | v1: 22/06/2026","docs/tpps/yahoo-gemini.mdx"
"yahoo-analytics","Yahoo Analytics","Native Advertising","No badge","Parent service","No","[nicht dokumentiert]","Support marketing analytics","privacy@yahoo.com","Not yet notified","[nicht dokumentiert]","06/08/2026","v2 (06/08/2026) | v1: 22/06/2026","docs/tpps/yahoo-analytics.mdx"
"oath","Oath","Native Advertising","Caution","Duplicate / alias","No","Former Verizon/Yahoo ad brand","Receive personalised marketing offers; Customise online ads (non-TCF)","[nicht dokumentiert]","Not yet notified","[nicht dokumentiert]","06/08/2026","v2 (06/08/2026) | v1: 22/06/2026","docs/tpps/oath.mdx"
"adform-2","Adform","Native Advertising","Caution","Duplicate / alias","No","Duplicate","Support marketing analytics; Receive personalised marketing offers; Customise online ads (non-TCF)","privacy@adform.com","Not yet notified","[nicht dokumentiert]","06/08/2026","v2 (06/08/2026) | v1: 22/06/2026","docs/tpps/adform-2.mdx"
"adroll","AdRoll","Native Advertising","Caution","Parent service","No","[nicht dokumentiert]","Receive personalised marketing offers; Customise online ads (non-TCF)","privacy@adroll.com","Not yet notified","[nicht dokumentiert]","06/08/2026","v2 (06/08/2026) | v1: 22/06/2026","docs/tpps/adroll.mdx"
"rtb-house","RTB House","Native Advertising","Caution","Parent service","No","[nicht dokumentiert]","Receive personalised marketing offers; Customise online ads (non-TCF)","dpo@rtbhouse.com","Not yet notified","[nicht dokumentiert]","06/08/2026","v2 (06/08/2026) | v1: 22/06/2026","docs/tpps/rtb-house.mdx"
"kupona","Kupona","Native Advertising","Caution","Parent service","No","[nicht dokumentiert]","Receive personalised marketing offers; Customise online ads (non-TCF)","datenschutz@kupona.de","Not yet notified","[nicht dokumentiert]","06/08/2026","v2 (06/08/2026) | v1: 22/06/2026","docs/tpps/kupona.mdx"
"connexity","Connexity","Taboola / Connexity","Caution","Parent service","No","Acquired by Taboola 1 Sep 2021 ($800M); operates as Taboola's e-commerce advertising unit","Receive personalised marketing offers; Customise online ads (non-TCF)","privacy@taboola.com","Not yet notified","[nicht dokumentiert]","06/08/2026","v2 (06/08/2026) | v1: 22/06/2026","docs/tpps/connexity.mdx"
"kelkoo","Kelkoo","Native Advertising","Caution","Parent service","No","[nicht dokumentiert]","Receive personalised marketing offers; Customise online ads (non-TCF)","privacy@kelkoo.com","Not yet notified","[nicht dokumentiert]","06/08/2026","v2 (06/08/2026) | v1: 22/06/2026","docs/tpps/kelkoo.mdx"
"sharethis","ShareThis","Native Advertising","Caution","Parent service","No","[nicht dokumentiert]","Receive personalised marketing offers; Customise online ads (non-TCF)","privacy@sharethis.com","Not yet notified","[nicht dokumentiert]","06/08/2026","v2 (06/08/2026) | v1: 22/06/2026","docs/tpps/sharethis.mdx"
"addthis","AddThis","Native Advertising","No badge","Parent service","No","DEFUNCT — Oracle terminated all AddThis services globally 31 May 2023","Receive personalised marketing offers; Customise online ads (non-TCF)","oracle_privacy@oracle.com","Not yet notified","[nicht dokumentiert]","06/08/2026","v2 (06/08/2026) | v1: 22/06/2026","docs/tpps/addthis.mdx"
"disqus","Disqus","Native Advertising","Caution","Parent service","No","[nicht dokumentiert]","Unlock additional website features","privacy@disqus.com","Not yet notified","[nicht dokumentiert]","06/08/2026","v2 (06/08/2026) | v1: 22/06/2026","docs/tpps/disqus.mdx"
"reddit","Reddit","Native Advertising","Caution","Parent service","No","[nicht dokumentiert]","Receive personalised marketing offers; Customise online ads (non-TCF)","RedditPrivacy@reddit.com","Not yet notified","[nicht dokumentiert]","06/08/2026","v2 (06/08/2026) | v1: 22/06/2026","docs/tpps/reddit.mdx"
"groundtruth","GroundTruth","Native Advertising","Caution","Parent service","No","[nicht dokumentiert]","Receive personalised marketing offers; Customise online ads (non-TCF)","privacy@groundtruth.com","Not yet notified","[nicht dokumentiert]","06/08/2026","v2 (06/08/2026) | v1: 22/06/2026","docs/tpps/groundtruth.mdx"
"addtoany","AddToAny","Native Advertising","Caution","Parent service","No","[nicht dokumentiert]","Unlock additional website features; Support marketing analytics","privacy@addtoany.com","Not yet notified","[nicht dokumentiert]","06/08/2026","v2 (06/08/2026) | v1: 22/06/2026","docs/tpps/addtoany.mdx"
"emetriq","emetriq","Native Advertising","Caution","Parent service","No","[nicht dokumentiert]","Receive personalised marketing offers; Customise online ads (non-TCF)","datenschutz@emetriq.de","Not yet notified","[nicht dokumentiert]","06/08/2026","v2 (06/08/2026) | v1: 22/06/2026","docs/tpps/emetriq.mdx"
"thereachgroup","theReachGroup","Native Advertising","Caution","Parent service","No","[nicht dokumentiert]","Receive personalised marketing offers; Customise online ads (non-TCF)","datenschutz@thereachgroup.com","Not yet notified","[nicht dokumentiert]","06/08/2026","v2 (06/08/2026) | v1: 22/06/2026","docs/tpps/thereachgroup.mdx"
"active-agent","Active Agent","Native Advertising","Caution","Parent service","No","[nicht dokumentiert]","Receive personalised marketing offers; Customise online ads (non-TCF)","datenschutz@active-agent.com","Not yet notified","[nicht dokumentiert]","06/08/2026","v2 (06/08/2026) | v1: 22/06/2026","docs/tpps/active-agent.mdx"
"sociomantic","Sociomantic","Native Advertising","Caution","Parent service","No","[nicht dokumentiert]","Receive personalised marketing offers; Customise online ads (non-TCF)","privacy@dunnhumby.com","Not yet notified","[nicht dokumentiert]","06/08/2026","v2 (06/08/2026) | v1: 22/06/2026","docs/tpps/sociomantic.mdx"
"bombora","Bombora","Native Advertising","Caution","Parent service","No","[nicht dokumentiert]","Support marketing analytics; Receive personalised marketing offers; Customise online ads (non-TCF)","privacy@bombora.com","Not yet notified","[nicht dokumentiert]","06/08/2026","v2 (06/08/2026) | v1: 22/06/2026","docs/tpps/bombora.mdx"
"content-garden","Content Garden","Native Advertising","Caution","Parent service","No","[nicht dokumentiert]","Receive personalised marketing offers; Customise online ads (non-TCF)","info@contentgarden.com","Not yet notified","[nicht dokumentiert]","06/08/2026","v2 (06/08/2026) | v1: 22/06/2026","docs/tpps/content-garden.mdx"
"centro","Centro","Native Advertising","Caution","Parent service","No","[nicht dokumentiert]","Receive personalised marketing offers; Customise online ads (non-TCF)","privacy@basis.com","Not yet notified","[nicht dokumentiert]","06/08/2026","v2 (06/08/2026) | v1: 22/06/2026","docs/tpps/centro.mdx"
"amazon-advertising","Amazon advertising","Amazon Advertising","Caution","Parent service","No","Parent service","Receive personalised marketing offers; Customise online ads (non-TCF)","privacy@amazon.de","Not yet notified","[nicht dokumentiert]","06/08/2026","v2 (06/08/2026) | v1: 22/06/2026","docs/tpps/amazon-advertising.mdx"
"amazon-adsystems","Amazon Adsystems","Amazon Advertising","Caution","Sub-service","No","Sub-service of Amazon advertising","Receive personalised marketing offers; Customise online ads (non-TCF)","[nicht dokumentiert]","Not yet notified","[nicht dokumentiert]","06/08/2026","v2 (06/08/2026) | v1: 22/06/2026","docs/tpps/amazon-adsystems.mdx"
"everesttech","Everesttech","Native Advertising","Caution","Sub-service","No","Sub-service of Adobe Advertising","Receive personalised marketing offers; Customise online ads (non-TCF)","[nicht dokumentiert]","Not yet notified","[nicht dokumentiert]","06/08/2026","v2 (06/08/2026) | v1: 22/06/2026","docs/tpps/everesttech.mdx"
"xaxis","Xaxis","Native Advertising","Caution","Parent service","No","[nicht dokumentiert]","Receive personalised marketing offers; Customise online ads (non-TCF)","privacy@xaxis.com","Not yet notified","[nicht dokumentiert]","06/08/2026","v2 (06/08/2026) | v1: 22/06/2026","docs/tpps/xaxis.mdx"
"omnicom","Omnicom","Native Advertising","No badge","Parent service","No","[nicht dokumentiert]","Receive personalised marketing offers; Customise online ads (non-TCF)","privacy@omnicomgroup.com","Not yet notified","[nicht dokumentiert]","06/08/2026","v2 (06/08/2026) | v1: 22/06/2026","docs/tpps/omnicom.mdx"
"smart-adserver","SMART AdServer","Native Advertising","No badge","Parent service","No","[nicht dokumentiert]","Receive personalised marketing offers; Customise online ads (non-TCF)","dpo@equativ.com","Not yet notified","[nicht dokumentiert]","06/08/2026","v2 (06/08/2026) | v1: 22/06/2026","docs/tpps/smart-adserver.mdx"
"yieldlab","Yieldlab","Native Advertising","No badge","Parent service","No","[nicht dokumentiert]","Receive personalised marketing offers; Customise online ads (non-TCF)","datenschutz@yieldlab.de","Not yet notified","[nicht dokumentiert]","06/08/2026","v2 (06/08/2026) | v1: 22/06/2026","docs/tpps/yieldlab.mdx"
"pubmatic","PubMatic","Native Advertising","Caution","Parent service","No","[nicht dokumentiert]","Receive personalised marketing offers; Customise online ads (non-TCF)","privacy@pubmatic.com","Not yet notified","[nicht dokumentiert]","06/08/2026","v2 (06/08/2026) | v1: 22/06/2026","docs/tpps/pubmatic.mdx"
"index-exchange","Index Exchange","Native Advertising","Caution","Parent service","No","[nicht dokumentiert]","Receive personalised marketing offers; Customise online ads (non-TCF)","privacy@indexexchange.com","Not yet notified","[nicht dokumentiert]","06/08/2026","v2 (06/08/2026) | v1: 22/06/2026","docs/tpps/index-exchange.mdx"
"the-rubicon-project","The Rubicon Project","Native Advertising","Caution","Parent service","No","[nicht dokumentiert]","Receive personalised marketing offers; Customise online ads (non-TCF)","privacy@magnite.com","Not yet notified","[nicht dokumentiert]","06/08/2026","v2 (06/08/2026) | v1: 22/06/2026","docs/tpps/the-rubicon-project.mdx"
"triplelift","TripleLift","Native Advertising","Caution","Parent service","No","[nicht dokumentiert]","Receive personalised marketing offers; Customise online ads (non-TCF)","privacy@triplelift.com","Not yet notified","[nicht dokumentiert]","06/08/2026","v2 (06/08/2026) | v1: 22/06/2026","docs/tpps/triplelift.mdx"
"conversant-europe","Conversant Europe","Native Advertising","Caution","Parent service","No","[nicht dokumentiert]","Receive personalised marketing offers; Customise online ads (non-TCF)","privacy@conversantmedia.eu","Not yet notified","[nicht dokumentiert]","06/08/2026","v2 (06/08/2026) | v1: 22/06/2026","docs/tpps/conversant-europe.mdx"
"platform161","Platform161","Native Advertising","No badge","Parent service","No","[nicht dokumentiert]","Receive personalised marketing offers; Customise online ads (non-TCF)","privacy@platform161.com","Not yet notified","[nicht dokumentiert]","06/08/2026","v2 (06/08/2026) | v1: 22/06/2026","docs/tpps/platform161.mdx"
"the-adex","The Adex","Native Advertising","Caution","Parent service","No","[nicht dokumentiert]","Receive personalised marketing offers; Customise online ads (non-TCF)","datenschutz@theadex.com","Not yet notified","[nicht dokumentiert]","06/08/2026","v2 (06/08/2026) | v1: 22/06/2026","docs/tpps/the-adex.mdx"
"smartyads","SmartyAds","Native Advertising","Caution","Parent service","No","[nicht dokumentiert]","Receive personalised marketing offers; Customise online ads (non-TCF)","privacy@smartyads.com","Not yet notified","[nicht dokumentiert]","06/08/2026","v2 (06/08/2026) | v1: 22/06/2026","docs/tpps/smartyads.mdx"
"mathtag","Mathtag","Native Advertising","No badge","Sub-service","No","Tag domain of MediaMath — DEFUNCT (MediaMath bankrupt 30 Jun 2023)","Receive personalised marketing offers; Customise online ads (non-TCF)","[nicht dokumentiert]","Not yet notified","[nicht dokumentiert]","06/08/2026","v2 (06/08/2026) | v1: 22/06/2026","docs/tpps/mathtag.mdx"
"getintent","GetIntent","Native Advertising","Caution","Parent service","No","[nicht dokumentiert]","Receive personalised marketing offers; Customise online ads (non-TCF)","privacy@getintent.com","Not yet notified","[nicht dokumentiert]","06/08/2026","v2 (06/08/2026) | v1: 22/06/2026","docs/tpps/getintent.mdx"
"aumago","Aumago","Native Advertising","Caution","Parent service","No","[nicht dokumentiert]","Support marketing analytics; Receive personalised marketing offers; Customise online ads (non-TCF)","datenschutz@aumago.com","Not yet notified","[nicht dokumentiert]","06/08/2026","v2 (06/08/2026) | v1: 22/06/2026","docs/tpps/aumago.mdx"
"spoteffects","Spoteffects","Native Advertising","No badge","Parent service","No","[nicht dokumentiert]","Support marketing analytics","info@spoteffects.de","Not yet notified","[nicht dokumentiert]","06/08/2026","v2 (06/08/2026) | v1: 22/06/2026","docs/tpps/spoteffects.mdx"
"adscale-de-stroeer","adscale.de (Ströer)","Native Advertising","No badge","Parent service","No","[nicht dokumentiert]","Receive personalised marketing offers; Customise online ads (non-TCF)","datenschutz@stroeer.de","Not yet notified","[nicht dokumentiert]","06/08/2026","v2 (06/08/2026) | v1: 22/06/2026","docs/tpps/adscale-de-stroeer.mdx"
"stroer","Stroer","Native Advertising","No badge","Parent service","No","[nicht dokumentiert]","Receive personalised marketing offers; Customise online ads (non-TCF)","datenschutz@stroeer.de","Not yet notified","[nicht dokumentiert]","06/08/2026","v2 (06/08/2026) | v1: 22/06/2026","docs/tpps/stroer.mdx"
"infonline-2","INFOnline","Measurement","No badge","Parent service","No","[nicht dokumentiert]","Support marketing analytics","datenschutz@infonline.de","Not yet notified","[nicht dokumentiert]","06/08/2026","v2 (06/08/2026) | v1: 22/06/2026","docs/tpps/infonline-2.mdx"
"meetrics","Meetrics","Measurement","No badge","Parent service","No","[nicht dokumentiert]","Support marketing analytics","datenschutz@meetrics.de","Not yet notified","[nicht dokumentiert]","06/08/2026","v2 (06/08/2026) | v1: 22/06/2026","docs/tpps/meetrics.mdx"
"audience-project","Audience Project","Measurement","No badge","Parent service","No","[nicht dokumentiert]","Support marketing analytics","privacy@audienceproject.com","Not yet notified","[nicht dokumentiert]","06/08/2026","v2 (06/08/2026) | v1: 22/06/2026","docs/tpps/audience-project.mdx"
"chartbeat","Chartbeat","Measurement","No badge","Parent service","No","[nicht dokumentiert]","Improve the service; Support marketing analytics","privacy@chartbeat.com","Not yet notified","[nicht dokumentiert]","06/08/2026","v2 (06/08/2026) | v1: 22/06/2026","docs/tpps/chartbeat.mdx"
"doubleverify","DoubleVerify","Ad Verification","No badge","Parent service","No","[nicht dokumentiert]","Support marketing analytics","privacy@doubleverify.com","Not yet notified","[nicht dokumentiert]","06/08/2026","v2 (06/08/2026) | v1: 22/06/2026","docs/tpps/doubleverify.mdx"
"improve-digital-international","Improve Digital International","Native Advertising","No badge","Parent service","No","[nicht dokumentiert]","Receive personalised marketing offers; Customise online ads (non-TCF)","privacy@improvedigital.com","Not yet notified","[nicht dokumentiert]","06/08/2026","v2 (06/08/2026) | v1: 22/06/2026","docs/tpps/improve-digital-international.mdx"
"quantum-advertising","Quantum Advertising","Native Advertising","No badge","Parent service","No","[nicht dokumentiert]","Receive personalised marketing offers; Customise online ads (non-TCF)","info@quantumadvertising.de","Not yet notified","[nicht dokumentiert]","06/08/2026","v2 (06/08/2026) | v1: 22/06/2026","docs/tpps/quantum-advertising.mdx"
"adtriba","Adtriba","Native Advertising","No badge","Parent service","No","[nicht dokumentiert]","Support marketing analytics","datenschutz@adtriba.com","Not yet notified","[nicht dokumentiert]","06/08/2026","v2 (06/08/2026) | v1: 22/06/2026","docs/tpps/adtriba.mdx"
"esome","esome","Native Advertising","No badge","Parent service","No","[nicht dokumentiert]","Support marketing analytics","datenschutz@esome.com","Not yet notified","[nicht dokumentiert]","06/08/2026","v2 (06/08/2026) | v1: 22/06/2026","docs/tpps/esome.mdx"
"4w-marketplace","4w MarketPlace","Native Advertising","No badge","Parent service","No","[nicht dokumentiert]","Receive personalised marketing offers; Customise online ads (non-TCF)","info@4wmarketplace.com","Not yet notified","[nicht dokumentiert]","06/08/2026","v2 (06/08/2026) | v1: 22/06/2026","docs/tpps/4w-marketplace.mdx"
"neory","NEORY","Native Advertising","No badge","Parent service","No","[nicht dokumentiert]","Receive personalised marketing offers; Customise online ads (non-TCF)","datenschutz@neory.de","Not yet notified","[nicht dokumentiert]","06/08/2026","v2 (06/08/2026) | v1: 22/06/2026","docs/tpps/neory.mdx"
"intelliad","intelliAd","Native Advertising","No badge","Parent service","No","Parent service","Support marketing analytics","datenschutz@intelliad.de","Not yet notified","[nicht dokumentiert]","06/08/2026","v2 (06/08/2026) | v1: 22/06/2026","docs/tpps/intelliad.mdx"
"intelliad-tracking","intelliAd Tracking","Native Advertising","No badge","Sub-service","No","Sub-service of intelliAd","Support marketing analytics","[nicht dokumentiert]","Not yet notified","[nicht dokumentiert]","06/08/2026","v2 (06/08/2026) | v1: 22/06/2026","docs/tpps/intelliad-tracking.mdx"
"adality","Adality","Measurement","No badge","Parent service","No","[nicht dokumentiert]","Support marketing analytics","datenschutz@adality.de","Not yet notified","[nicht dokumentiert]","06/08/2026","v2 (06/08/2026) | v1: 22/06/2026","docs/tpps/adality.mdx"
"epoq","epoq","E-Commerce","No badge","Parent service","No","[nicht dokumentiert]","Personalise the website","datenschutz@epoq.de","Not yet notified","[nicht dokumentiert]","06/08/2026","v2 (06/08/2026) | v1: 22/06/2026","docs/tpps/epoq.mdx"
"twiago","TWiago","Native Advertising","No badge","Parent service","No","[nicht dokumentiert]","Receive personalised marketing offers; Customise online ads (non-TCF)","datenschutz@twiago.com","Not yet notified","[nicht dokumentiert]","06/08/2026","v2 (06/08/2026) | v1: 22/06/2026","docs/tpps/twiago.mdx"
"b2b-media-group-emea","B2B Media Group EMEA","Native Advertising","No badge","Parent service","No","[nicht dokumentiert]","Receive personalised marketing offers; Customise online ads (non-TCF)","datenschutz@b2bmediagroup.com","Not yet notified","[nicht dokumentiert]","06/08/2026","v2 (06/08/2026) | v1: 22/06/2026","docs/tpps/b2b-media-group-emea.mdx"
"revive-adserver","Revive Adserver","Native Advertising","No badge","Parent service","No","[nicht dokumentiert]","Receive personalised marketing offers; Customise online ads (non-TCF)","info@revive-adserver.com","Not yet notified","[nicht dokumentiert]","06/08/2026","v2 (06/08/2026) | v1: 22/06/2026","docs/tpps/revive-adserver.mdx"
"the-kantar-group","The Kantar Group","Research","No badge","Parent service","No","[nicht dokumentiert]","Support marketing analytics","privacy@kantar.com","Not yet notified","[nicht dokumentiert]","06/08/2026","v2 (06/08/2026) | v1: 22/06/2026","docs/tpps/the-kantar-group.mdx"
"research-now-group","Research Now Group","Research","No badge","Parent service","No","[nicht dokumentiert]","Support marketing analytics","privacy@dynata.com","Not yet notified","[nicht dokumentiert]","06/08/2026","v2 (06/08/2026) | v1: 22/06/2026","docs/tpps/research-now-group.mdx"
"yougov","YouGov","Research","No badge","Parent service","No","[nicht dokumentiert]","Support marketing analytics","privacy@yougov.com","Not yet notified","[nicht dokumentiert]","06/08/2026","v2 (06/08/2026) | v1: 22/06/2026","docs/tpps/yougov.mdx"
"psyma","Psyma","Research","No badge","Parent service","No","[nicht dokumentiert]","Support marketing analytics","datenschutz@psyma.com","Not yet notified","[nicht dokumentiert]","06/08/2026","v2 (06/08/2026) | v1: 22/06/2026","docs/tpps/psyma.mdx"
"audience-project-2","Audience Project","Research","No badge","Duplicate / alias","No","Duplicate","Support marketing analytics","privacy@audienceproject.com","Not yet notified","[nicht dokumentiert]","06/08/2026","v2 (06/08/2026) | v1: 22/06/2026","docs/tpps/audience-project-2.mdx"
"nosto","Nosto","E-Commerce","No badge","Parent service","No","[nicht dokumentiert]","Personalise the website; Receive personalised marketing offers","privacy@nosto.com","Not yet notified","[nicht dokumentiert]","06/08/2026","v2 (06/08/2026) | v1: 22/06/2026","docs/tpps/nosto.mdx"
"fitanalytics","Fitanalytics","E-Commerce","No badge","Parent service","No","[nicht dokumentiert]","Unlock additional website features","datenschutz@fitanalytics.com","Not yet notified","[nicht dokumentiert]","06/08/2026","v2 (06/08/2026) | v1: 22/06/2026","docs/tpps/fitanalytics.mdx"
"scarab-personalized-ads","Scarab Personalized Ads","E-Commerce","No badge","Parent service","No","[nicht dokumentiert]","Personalise the website; Receive personalised marketing offers","privacy@emarsys.com","Not yet notified","[nicht dokumentiert]","06/08/2026","v2 (06/08/2026) | v1: 22/06/2026","docs/tpps/scarab-personalized-ads.mdx"
"idealo","Idealo","E-Commerce","No badge","Parent service","No","[nicht dokumentiert]","Unlock additional website features","datenschutz@idealo.de","Not yet notified","[nicht dokumentiert]","06/08/2026","v2 (06/08/2026) | v1: 22/06/2026","docs/tpps/idealo.mdx"
"billiger-de","Billiger.de","E-Commerce","No badge","Parent service","No","[nicht dokumentiert]","Unlock additional website features","datenschutz@billiger.de","Not yet notified","[nicht dokumentiert]","06/08/2026","v2 (06/08/2026) | v1: 22/06/2026","docs/tpps/billiger-de.mdx"
"shopping24","shopping24","E-Commerce","No badge","Parent service","No","[nicht dokumentiert]","Unlock additional website features","datenschutz@shopping24.de","Not yet notified","[nicht dokumentiert]","06/08/2026","v2 (06/08/2026) | v1: 22/06/2026","docs/tpps/shopping24.mdx"
"ladenzeile","Ladenzeile","E-Commerce","No badge","Parent service","No","[nicht dokumentiert]","Unlock additional website features","datenschutz@ladenzeile.de","Not yet notified","[nicht dokumentiert]","06/08/2026","v2 (06/08/2026) | v1: 22/06/2026","docs/tpps/ladenzeile.mdx"
"loadbee","Loadbee","E-Commerce","No badge","Parent service","No","[nicht dokumentiert]","Unlock additional website features","datenschutz@loadbee.com","Not yet notified","[nicht dokumentiert]","06/08/2026","v2 (06/08/2026) | v1: 22/06/2026","docs/tpps/loadbee.mdx"
"channelpilot","ChannelPilot","E-Commerce","No badge","Parent service","No","[nicht dokumentiert]","Support marketing analytics","datenschutz@channelpilot.de","Not yet notified","[nicht dokumentiert]","06/08/2026","v2 (06/08/2026) | v1: 22/06/2026","docs/tpps/channelpilot.mdx"
"channelsight","ChannelSight","E-Commerce","No badge","Parent service","No","[nicht dokumentiert]","Support marketing analytics","privacy@channelsight.com","Not yet notified","[nicht dokumentiert]","06/08/2026","v2 (06/08/2026) | v1: 22/06/2026","docs/tpps/channelsight.mdx"
"ve-interactive","Ve interactive","E-Commerce","No badge","Parent service","No","[nicht dokumentiert]","Receive personalised marketing offers","privacy@ve.com","Not yet notified","[nicht dokumentiert]","06/08/2026","v2 (06/08/2026) | v1: 22/06/2026","docs/tpps/ve-interactive.mdx"
"uptain","Uptain","E-Commerce","No badge","Parent service","No","[nicht dokumentiert]","Personalise the website; Receive personalised marketing offers","datenschutz@uptain.de","Not yet notified","[nicht dokumentiert]","06/08/2026","v2 (06/08/2026) | v1: 22/06/2026","docs/tpps/uptain.mdx"
"advanced-store","advanced store","E-Commerce","No badge","Parent service","No","[nicht dokumentiert]","Personalise the website","datenschutz@advanced-store.de","Not yet notified","[nicht dokumentiert]","06/08/2026","v2 (06/08/2026) | v1: 22/06/2026","docs/tpps/advanced-store.mdx"
"booking-com","Booking.com","E-Commerce","No badge","Parent service","No","[nicht dokumentiert]","Unlock additional website features","privacyrequest@booking.com","Not yet notified","[nicht dokumentiert]","06/08/2026","v2 (06/08/2026) | v1: 22/06/2026","docs/tpps/booking-com.mdx"
"stylight","Stylight","E-Commerce","No badge","Parent service","No","[nicht dokumentiert]","Unlock additional website features","datenschutz@stylight.de","Not yet notified","[nicht dokumentiert]","06/08/2026","v2 (06/08/2026) | v1: 22/06/2026","docs/tpps/stylight.mdx"
"picalike","picalike","E-Commerce","No badge","Parent service","No","[nicht dokumentiert]","Personalise the website","datenschutz@picalike.com","Not yet notified","[nicht dokumentiert]","06/08/2026","v2 (06/08/2026) | v1: 22/06/2026","docs/tpps/picalike.mdx"
"timeone","TimeOne","Affiliate","No badge","Parent service","No","[nicht dokumentiert]","Support marketing analytics","dpo@timeone.fr","Not yet notified","[nicht dokumentiert]","06/08/2026","v2 (06/08/2026) | v1: 22/06/2026","docs/tpps/timeone.mdx"
"oms-nativendo","OMS Nativendo","Native Advertising","No badge","Parent service","No","[nicht dokumentiert]","Receive personalised marketing offers; Customise online ads (non-TCF)","datenschutz@oms.eu","Not yet notified","[nicht dokumentiert]","06/08/2026","v2 (06/08/2026) | v1: 22/06/2026","docs/tpps/oms-nativendo.mdx"
"define-media","Define Media","Native Advertising","No badge","Parent service","No","[nicht dokumentiert]","Receive personalised marketing offers; Customise online ads (non-TCF)","info@define-media.de","Not yet notified","[nicht dokumentiert]","06/08/2026","v2 (06/08/2026) | v1: 22/06/2026","docs/tpps/define-media.mdx"
"lead-alliance","Lead Alliance","Native Advertising","No badge","Parent service","No","[nicht dokumentiert]","Receive personalised marketing offers; Customise online ads (non-TCF)","datenschutz@lead-alliance.net","Not yet notified","[nicht dokumentiert]","06/08/2026","v2 (06/08/2026) | v1: 22/06/2026","docs/tpps/lead-alliance.mdx"
"performance-media-utt","Performance Media UTT","Native Advertising","No badge","Parent service","No","[nicht dokumentiert]","Receive personalised marketing offers; Customise online ads (non-TCF)","datenschutz@performance-media.de","Not yet notified","[nicht dokumentiert]","06/08/2026","v2 (06/08/2026) | v1: 22/06/2026","docs/tpps/performance-media-utt.mdx"
"usemax-advertisement","usemax advertisement","Native Advertising","Caution","Parent service","No","[nicht dokumentiert]","Receive personalised marketing offers; Customise online ads (non-TCF)","datenschutz@stroeer.de","Not yet notified","[nicht dokumentiert]","06/08/2026","v2 (06/08/2026) | v1: 22/06/2026","docs/tpps/usemax-advertisement.mdx"
"retailads","retailAds","Native Advertising","No badge","Parent service","No","[nicht dokumentiert]","Receive personalised marketing offers; Customise online ads (non-TCF)","info@retailads.net","Not yet notified","[nicht dokumentiert]","06/08/2026","v2 (06/08/2026) | v1: 22/06/2026","docs/tpps/retailads.mdx"
"chatchamp","Chatchamp","E-Commerce","No badge","Parent service","No","[nicht dokumentiert]","Unlock additional website features; Receive marketing offers","datenschutz@chatchamp.com","Not yet notified","[nicht dokumentiert]","06/08/2026","v2 (06/08/2026) | v1: 22/06/2026","docs/tpps/chatchamp.mdx"
"datawrapper","DataWrapper","Data Vis","No badge","Parent service","No","[nicht dokumentiert]","Unlock additional website features","privacy@datawrapper.de","Not yet notified","[nicht dokumentiert]","06/08/2026","v2 (06/08/2026) | v1: 22/06/2026","docs/tpps/datawrapper.mdx"
"cookie-consent","Cookie Consent","Consent Tools","INFRA","Infrastructure only","Yes","[nicht dokumentiert]","Infrastructure only — no consent purpose required","[nicht dokumentiert]","Not yet notified","[nicht dokumentiert]","06/08/2026","v2 (06/08/2026) | v1: 22/06/2026","docs/tpps/cookie-consent.mdx"
"usercentrics","Usercentrics","Consent Tools","INFRA","Infrastructure only","Yes","[nicht dokumentiert]","Infrastructure only — no consent purpose required","[nicht dokumentiert]","Not yet notified","[nicht dokumentiert]","06/08/2026","v2 (06/08/2026) | v1: 22/06/2026","docs/tpps/usercentrics.mdx"
"evidon","Evidon","Consent Tools","INFRA","Infrastructure only","Yes","[nicht dokumentiert]","Infrastructure only — no consent purpose required","[nicht dokumentiert]","Not yet notified","[nicht dokumentiert]","06/08/2026","v2 (06/08/2026) | v1: 22/06/2026","docs/tpps/evidon.mdx"
"shariff-wrapper","Shariff Wrapper","Consent Tools","INFRA","Infrastructure only","Yes","[nicht dokumentiert]","Unlock additional website features","[nicht dokumentiert]","Not yet notified","[nicht dokumentiert]","06/08/2026","v2 (06/08/2026) | v1: 22/06/2026","docs/tpps/shariff-wrapper.mdx"
"trusted-shops","Trusted Shops","Trust / Reviews","No badge","Parent service","No","Parent service","Unlock additional website features","datenschutz@trustedshops.de","Not yet notified","[nicht dokumentiert]","06/08/2026","v2 (06/08/2026) | v1: 22/06/2026","docs/tpps/trusted-shops.mdx"
"trusted-shops-trustbadge","Trusted Shops Trustbadge","Trust / Reviews","No badge","Sub-service","No","Sub-service of Trusted Shops","Unlock additional website features","[nicht dokumentiert]","Not yet notified","[nicht dokumentiert]","06/08/2026","v2 (06/08/2026) | v1: 22/06/2026","docs/tpps/trusted-shops-trustbadge.mdx"
"ekomi","eKomi","Trust / Reviews","No badge","Parent service","No","[nicht dokumentiert]","Unlock additional website features","datenschutz@ekomi.de","Not yet notified","[nicht dokumentiert]","06/08/2026","v2 (06/08/2026) | v1: 22/06/2026","docs/tpps/ekomi.mdx"
"proven-expert","Proven Expert","Trust / Reviews","No badge","Parent service","No","[nicht dokumentiert]","Unlock additional website features","datenschutz@provenexpert.com","Not yet notified","[nicht dokumentiert]","06/08/2026","v2 (06/08/2026) | v1: 22/06/2026","docs/tpps/proven-expert.mdx"
"bazaarvoice","BazaarVoice","Trust / Reviews","No badge","Parent service","No","[nicht dokumentiert]","Unlock additional website features","privacy@bazaarvoice.com","Not yet notified","[nicht dokumentiert]","06/08/2026","v2 (06/08/2026) | v1: 22/06/2026","docs/tpps/bazaarvoice.mdx"
"trustpilot","Trustpilot","Trust / Reviews","No badge","Parent service","No","[nicht dokumentiert]","Unlock additional website features","privacy@trustpilot.com","Not yet notified","[nicht dokumentiert]","06/08/2026","v2 (06/08/2026) | v1: 22/06/2026","docs/tpps/trustpilot.mdx"
"kununu","kununu","Trust / Reviews","No badge","Parent service","No","[nicht dokumentiert]","Unlock additional website features","datenschutz@kununu.com","Not yet notified","[nicht dokumentiert]","06/08/2026","v2 (06/08/2026) | v1: 22/06/2026","docs/tpps/kununu.mdx"
"xing-plugin","Xing Plugin","Social","No badge","Parent service","No","[nicht dokumentiert]","Unlock additional website features","datenschutz@new-work.se","Not yet notified","[nicht dokumentiert]","06/08/2026","v2 (06/08/2026) | v1: 22/06/2026","docs/tpps/xing-plugin.mdx"
"issuu","Issuu","Content","No badge","Parent service","No","[nicht dokumentiert]","Unlock additional website features","privacy@issuu.com","Not yet notified","[nicht dokumentiert]","06/08/2026","v2 (06/08/2026) | v1: 22/06/2026","docs/tpps/issuu.mdx"
"yumpu-com","yumpu.com","Content","No badge","Parent service","No","[nicht dokumentiert]","Unlock additional website features","info@yumpu.com","Not yet notified","[nicht dokumentiert]","06/08/2026","v2 (06/08/2026) | v1: 22/06/2026","docs/tpps/yumpu-com.mdx"
"infogram","Infogram","Content","No badge","Parent service","No","[nicht dokumentiert]","Unlock additional website features","privacy@infogram.com","Not yet notified","[nicht dokumentiert]","06/08/2026","v2 (06/08/2026) | v1: 22/06/2026","docs/tpps/infogram.mdx"
"flockler","Flockler","Content","No badge","Parent service","No","[nicht dokumentiert]","Unlock additional website features","privacy@flockler.com","Not yet notified","[nicht dokumentiert]","06/08/2026","v2 (06/08/2026) | v1: 22/06/2026","docs/tpps/flockler.mdx"
"playbuzz","Playbuzz","Content","No badge","Parent service","No","[nicht dokumentiert]","Unlock additional website features","privacy@playbuzz.com","Not yet notified","[nicht dokumentiert]","06/08/2026","v2 (06/08/2026) | v1: 22/06/2026","docs/tpps/playbuzz.mdx"
"juicer","Juicer","Content","No badge","Parent service","No","[nicht dokumentiert]","Unlock additional website features","hello@juicer.io","Not yet notified","[nicht dokumentiert]","06/08/2026","v2 (06/08/2026) | v1: 22/06/2026","docs/tpps/juicer.mdx"
"lightwidget","LightWidget","Content","No badge","Parent service","No","[nicht dokumentiert]","Unlock additional website features","info@lightwidget.com","Not yet notified","[nicht dokumentiert]","06/08/2026","v2 (06/08/2026) | v1: 22/06/2026","docs/tpps/lightwidget.mdx"
"giphy","GIPHY","Content","No badge","Parent service","No","[nicht dokumentiert]","Unlock additional website features","privacy@giphy.com","Not yet notified","[nicht dokumentiert]","06/08/2026","v2 (06/08/2026) | v1: 22/06/2026","docs/tpps/giphy.mdx"
"flickr","Flickr","Content","No badge","Parent service","No","[nicht dokumentiert]","Unlock additional website features","privacy@flickr.com","Not yet notified","[nicht dokumentiert]","06/08/2026","v2 (06/08/2026) | v1: 22/06/2026","docs/tpps/flickr.mdx"
"spotify-2","Spotify","Content","No badge","Duplicate / alias","No","See: Video Hosting section","Unlock additional website features","privacy@spotify.com","Not yet notified","[nicht dokumentiert]","06/08/2026","v2 (06/08/2026) | v1: 22/06/2026","docs/tpps/spotify-2.mdx"
"soundcloud-2","Soundcloud","Content","No badge","Duplicate / alias","No","See: Video Hosting section","Unlock additional website features","privacy@soundcloud.com","Not yet notified","[nicht dokumentiert]","06/08/2026","v2 (06/08/2026) | v1: 22/06/2026","docs/tpps/soundcloud-2.mdx"
"itunes-coverbilder","iTunes Coverbilder","Content","INFRA","Infrastructure only","Yes","[nicht dokumentiert]","Infrastructure only — no consent purpose required","[nicht dokumentiert]","Not yet notified","[nicht dokumentiert]","06/08/2026","v2 (06/08/2026) | v1: 22/06/2026","docs/tpps/itunes-coverbilder.mdx"
"whatsapp-share","WhatsApp Share","Social","No badge","Parent service","No","[nicht dokumentiert]","Unlock additional website features","privacy@meta.com","Not yet notified","[nicht dokumentiert]","06/08/2026","v2 (06/08/2026) | v1: 22/06/2026","docs/tpps/whatsapp-share.mdx"
"algolia-2","Algolia","Search","No badge","Duplicate / alias","No","See: Analytics section","Unlock additional website features","privacy@algolia.com","Not yet notified","[nicht dokumentiert]","06/08/2026","v2 (06/08/2026) | v1: 22/06/2026","docs/tpps/algolia-2.mdx"
"fact-finder","FACT Finder","Search","No badge","Parent service","No","[nicht dokumentiert]","Unlock additional website features","datenschutz@fact-finder.de","Not yet notified","[nicht dokumentiert]","06/08/2026","v2 (06/08/2026) | v1: 22/06/2026","docs/tpps/fact-finder.mdx"
"findologic","Findologic","Search","No badge","Parent service","No","[nicht dokumentiert]","Unlock additional website features","datenschutz@findologic.com","Not yet notified","[nicht dokumentiert]","06/08/2026","v2 (06/08/2026) | v1: 22/06/2026","docs/tpps/findologic.mdx"
"doofinder","Doofinder","Search","No badge","Parent service","No","[nicht dokumentiert]","Unlock additional website features","legal@doofinder.com","Not yet notified","[nicht dokumentiert]","06/08/2026","v2 (06/08/2026) | v1: 22/06/2026","docs/tpps/doofinder.mdx"
"searchhub","SearchHub","Search","No badge","Parent service","No","[nicht dokumentiert]","Unlock additional website features","datenschutz@searchhub.io","Not yet notified","[nicht dokumentiert]","06/08/2026","v2 (06/08/2026) | v1: 22/06/2026","docs/tpps/searchhub.mdx"
"smartsupp-chat","Smartsupp Chat","Live Chat","No badge","Parent service","No","[nicht dokumentiert]","Improve the service; Unlock additional website features","gdpr@smartsupp.com","Not yet notified","[nicht dokumentiert]","06/08/2026","v2 (06/08/2026) | v1: 22/06/2026","docs/tpps/smartsupp-chat.mdx"
"prescreen","Prescreen","HR / Recruiting","No badge","Parent service","No","[nicht dokumentiert]","Unlock additional website features","datenschutz@prescreen.io","Not yet notified","[nicht dokumentiert]","06/08/2026","v2 (06/08/2026) | v1: 22/06/2026","docs/tpps/prescreen.mdx"
"indeed","Indeed","Job Listings","No badge","Parent service","No","[nicht dokumentiert]","Unlock additional website features","privacy@indeed.com","Not yet notified","[nicht dokumentiert]","06/08/2026","v2 (06/08/2026) | v1: 22/06/2026","docs/tpps/indeed.mdx"
"shopify","Shopify","E-Commerce Platform","No badge","Parent service","No","[nicht dokumentiert]","Unlock additional website features","privacy@shopify.com","Not yet notified","[nicht dokumentiert]","06/08/2026","v2 (06/08/2026) | v1: 22/06/2026","docs/tpps/shopify.mdx"
"squarespace","Squarespace","Website Builder","No badge","Parent service","No","[nicht dokumentiert]","Unlock additional website features","privacy@squarespace.com","Not yet notified","[nicht dokumentiert]","06/08/2026","v2 (06/08/2026) | v1: 22/06/2026","docs/tpps/squarespace.mdx"
"wix","WIX","Website Builder","No badge","Parent service","No","[nicht dokumentiert]","Unlock additional website features","privacy@wix.com","Not yet notified","[nicht dokumentiert]","06/08/2026","v2 (06/08/2026) | v1: 22/06/2026","docs/tpps/wix.mdx"
"jimdo","Jimdo","Website Builder","No badge","Parent service","No","[nicht dokumentiert]","Unlock additional website features","datenschutz@jimdo.com","Not yet notified","[nicht dokumentiert]","06/08/2026","v2 (06/08/2026) | v1: 22/06/2026","docs/tpps/jimdo.mdx"
"webflow","Webflow","Website Builder","No badge","Parent service","No","[nicht dokumentiert]","Unlock additional website features","privacy@webflow.com","Not yet notified","[nicht dokumentiert]","06/08/2026","v2 (06/08/2026) | v1: 22/06/2026","docs/tpps/webflow.mdx"
"sitecore","Sitecore","CMS","No badge","Parent service","No","[nicht dokumentiert]","Unlock additional website features; Personalise the website","privacy@sitecore.com","Not yet notified","[nicht dokumentiert]","06/08/2026","v2 (06/08/2026) | v1: 22/06/2026","docs/tpps/sitecore.mdx"
"episerver","Episerver","CMS","No badge","Duplicate / alias","No","Now Optimizely (CMS arm)","Unlock additional website features; Personalise the website","[nicht dokumentiert]","Not yet notified","[nicht dokumentiert]","06/08/2026","v2 (06/08/2026) | v1: 22/06/2026","docs/tpps/episerver.mdx"
"disqus-2","Disqus","Comments","Caution","Duplicate / alias","No","See: Native Advertising section","Unlock additional website features","privacy@disqus.com","Not yet notified","[nicht dokumentiert]","06/08/2026","v2 (06/08/2026) | v1: 22/06/2026","docs/tpps/disqus-2.mdx"
"paddle","Paddle","Payment","INFRA","Infrastructure only","Yes","[nicht dokumentiert]","Unlock additional website features","[nicht dokumentiert]","Not yet notified","[nicht dokumentiert]","06/08/2026","v2 (06/08/2026) | v1: 22/06/2026","docs/tpps/paddle.mdx"
"vg-wort-2","VG Wort","Publisher","INFRA","Duplicate / alias","Yes","See: Measurement section","Infrastructure only — no consent purpose required","[nicht dokumentiert]","Not yet notified","[nicht dokumentiert]","06/08/2026","v2 (06/08/2026) | v1: 22/06/2026","docs/tpps/vg-wort-2.mdx"
"twitter-x","Twitter / X","Twitter / X","Caution","Parent service","No","Parent service — sub-services (Twitter Plugin, Button, Embed, Syndication, Advertising, Conversion Tracking, Analytics) are listed in the Twitter / X Ecosystem section above","Unlock additional website features; Support marketing analytics; Receive personalised marketing offers; Customise online ads (non-TCF)","privacy@x.com","Not yet notified","[nicht dokumentiert]","06/08/2026","v2 (06/08/2026) | v1: 22/06/2026","docs/tpps/twitter-x.mdx"
"open-street-map-openstreetmap","Open Street Map (OpenStreetMap)","Mapping","No badge","Duplicate / alias","No","Also listed as 'OpenStreetMap' in the Mapping section above — this row is a cross-reference","Unlock additional website features","data@osmfoundation.org","Not yet notified","[nicht dokumentiert]","06/08/2026","v2 (06/08/2026) | v1: 22/06/2026","docs/tpps/open-street-map-openstreetmap.mdx"
"mastodon","Mastodon","Social Platforms","No badge","Parent service","No","Instance-dependent — assessment reflects category-level badge","Unlock additional website features","info@mastodon.social","Not yet notified","[nicht dokumentiert]","06/08/2026","v2 (06/08/2026) | v1: 22/06/2026","docs/tpps/mastodon.mdx"
"bluesky","Bluesky","Social Platforms","No badge","Parent service","No","[nicht dokumentiert]","Unlock additional website features","support@bsky.app","Not yet notified","[nicht dokumentiert]","06/08/2026","v2 (06/08/2026) | v1: 22/06/2026","docs/tpps/bluesky.mdx"
"movingimage","movingimage","Video Hosting","Privacy+","Parent service","No","Parent service","Unlock additional website features","datenschutz@movingimage.com","Not yet notified","[nicht dokumentiert]","06/08/2026","v2 (06/08/2026) | v1: 22/06/2026","docs/tpps/movingimage.mdx"
"ignite-ignite-video-gmbh","Ignite (Ignite Video GmbH)","Video Hosting","Privacy+","Parent service","No","Parent service","Unlock additional website features","datenschutz@ignite.video","Not yet notified","[nicht dokumentiert]","06/08/2026","v2 (06/08/2026) | v1: 22/06/2026","docs/tpps/ignite-ignite-video-gmbh.mdx"
"jentis","JENTIS","Tag Management / Server-Side","Privacy+","Parent service","No","Parent service","Improve the service; Support marketing analytics; Receive personalised marketing offers; Customise online ads (non-TCF)","dpo@jentis.com","Not yet notified","[nicht dokumentiert]","06/08/2026","v2 (06/08/2026) | v1: 22/06/2026","docs/tpps/jentis.mdx"
"smartprofile-net-solution-partner","SmartProfile (Net Solution Partner)","Analytics — CNIL-evaluated","Privacy+","Parent service","No","Parent service","Improve the service; Support marketing analytics","rgpd@netsolutionpartner.com","Not yet notified","[nicht dokumentiert]","06/08/2026","v2 (06/08/2026) | v1: 22/06/2026","docs/tpps/smartprofile-net-solution-partner.mdx"
"wysistat-business-wysistat","Wysistat Business (Wysistat)","Analytics — CNIL-evaluated","Privacy+","Parent service","No","Parent service","Improve the service; Support marketing analytics","contact@wysistat.com","Not yet notified","[nicht dokumentiert]","06/08/2026","v2 (06/08/2026) | v1: 22/06/2026","docs/tpps/wysistat-business-wysistat.mdx"
"abla-analytics-astra-porta","Abla Analytics (Astra Porta)","Analytics — CNIL-evaluated","Privacy+","Parent service","No","Parent service","Improve the service; Support marketing analytics","contact@astra-porta.com","Not yet notified","[nicht dokumentiert]","06/08/2026","v2 (06/08/2026) | v1: 22/06/2026","docs/tpps/abla-analytics-astra-porta.mdx"
"beyable-analytics-beyable","BEYABLE Analytics (BEYABLE)","Analytics — CNIL-evaluated","Privacy+","Parent service","No","Parent service","Improve the service; Support marketing analytics","dpo@beyable.com","Not yet notified","[nicht dokumentiert]","06/08/2026","v2 (06/08/2026) | v1: 22/06/2026","docs/tpps/beyable-analytics-beyable.mdx"
"retency-web-audience-retency","Retency Web Audience (Retency)","Analytics — CNIL-evaluated","Privacy+","Parent service","No","Parent service","Improve the service; Support marketing analytics","dpo@retency.com","Not yet notified","[nicht dokumentiert]","06/08/2026","v2 (06/08/2026) | v1: 22/06/2026","docs/tpps/retency-web-audience-retency.mdx"
"nonli-nonli","Nonli (Nonli)","Analytics — CNIL-evaluated","Privacy+","Parent service","No","Parent service","Improve the service; Support marketing analytics","contact@nonli.fr","Not yet notified","[nicht dokumentiert]","06/08/2026","v2 (06/08/2026) | v1: 22/06/2026","docs/tpps/nonli-nonli.mdx"
"wizaly-wizaly-sas","Wizaly (Wizaly SAS)","Analytics — CNIL-evaluated","No badge","Parent service","No","Parent service — attribution/marketing analytics platform","Support marketing analytics; Receive personalised marketing offers","dpo@wizaly.com","Not yet notified","[nicht dokumentiert]","06/08/2026","v2 (06/08/2026) | v1: 22/06/2026","docs/tpps/wizaly-wizaly-sas.mdx"
"compass-marfeel-solutions","Compass (Marfeel Solutions)","Analytics — CNIL-evaluated","No badge","Parent service","No","Parent service","Improve the service; Support marketing analytics; Personalise the website","privacy@marfeel.com","Not yet notified","[nicht dokumentiert]","06/08/2026","v2 (06/08/2026) | v1: 22/06/2026","docs/tpps/compass-marfeel-solutions.mdx"
"statshop-web2roi","Statshop (Web2Roi)","Analytics — CNIL-evaluated","Privacy+","Parent service","No","Parent service","Improve the service; Support marketing analytics","contact@web2roi.fr","Not yet notified","[nicht dokumentiert]","06/08/2026","v2 (06/08/2026) | v1: 22/06/2026","docs/tpps/statshop-web2roi.mdx"
"euler-eulerian-eulerian-technologies","Euler / Eulerian (Eulerian Technologies)","Analytics — CNIL-evaluated","Privacy+","Parent service","No","Parent service","Improve the service; Support marketing analytics","dpo@eulerian.com","Not yet notified","[nicht dokumentiert]","06/08/2026","v2 (06/08/2026) | v1: 22/06/2026","docs/tpps/euler-eulerian-eulerian-technologies.mdx"
"thank-you-marketing-analytics-thank-you","Thank-You Marketing Analytics (Thank-You)","Analytics — CNIL-evaluated","Privacy+","Parent service","No","Parent service","Improve the service; Support marketing analytics","contact@thank-you.fr","Not yet notified","[nicht dokumentiert]","06/08/2026","v2 (06/08/2026) | v1: 22/06/2026","docs/tpps/thank-you-marketing-analytics-thank-you.mdx"
"estat-streaming-mediametrie","eStat-Streaming (Médiamétrie)","Analytics — CNIL-evaluated","Privacy+","Parent service","No","Parent service — streaming audience measurement (video/audio)","Improve the service; Support marketing analytics","infocompta@mediametrie.fr","Not yet notified","[nicht dokumentiert]","06/08/2026","v2 (06/08/2026) | v1: 22/06/2026","docs/tpps/estat-streaming-mediametrie.mdx"
"commanders-act-consent-module-trustcommander","Commanders Act — Consent Module (TrustCommander)","Consent Management","No badge","Parent service","No","Parent service — CMP / tag management with consent module","Infrastructure only — no consent purpose required","privacy@commandersact.com","Not yet notified","[nicht dokumentiert]","06/08/2026","v2 (06/08/2026) | v1: 22/06/2026","docs/tpps/commanders-act-consent-module-trustcommander.mdx"
"alphalyr-analytics-alphalyr","Alphalyr Analytics (Alphalyr)","Analytics — CNIL-evaluated","No badge","Parent service","No","Parent service","Improve the service; Support marketing analytics","privacy@alphalyr.fr","Not yet notified","[nicht dokumentiert]","06/08/2026","v2 (06/08/2026) | v1: 22/06/2026","docs/tpps/alphalyr-analytics-alphalyr.mdx"
"admo-tv-analysis","Admo.tv Analysis","Analytics — TV Attribution","No badge","Parent service","No","Parent service — TV advertising analytics","Support marketing analytics","privacy@admo.tv","Not yet notified","[nicht dokumentiert]","06/08/2026","v2 (06/08/2026) | v1: 22/06/2026","docs/tpps/admo-tv-analysis.mdx"
"adperformance-realytics","AdPerformance (Realytics)","Analytics — TV Attribution","Privacy+","Parent service","No","Parent service — TV advertising performance analytics","Support marketing analytics","privacy@realytics.io","Not yet notified","[nicht dokumentiert]","06/08/2026","v2 (06/08/2026) | v1: 22/06/2026","docs/tpps/adperformance-realytics.mdx"
"npaw-suite-npaw-nice-people-at-work","NPAW Suite (NPAW / Nice People At Work)","Analytics — Video Streaming","No badge","Parent service","No","Parent service — video streaming analytics","Improve the service; Support marketing analytics","legal@npaw.com","Not yet notified","[nicht dokumentiert]","06/08/2026","v2 (06/08/2026) | v1: 22/06/2026","docs/tpps/npaw-suite-npaw-nice-people-at-work.mdx"
